# phase,n_tokens,layer,token_idx,e0,e1,e2,e3,e4,e5,e6,e7,start_pos
prefill,2,1,0,8,157,16,12,112,177,120,146,0
prefill,2,1,1,214,167,109,245,133,246,89,142,0
prefill,2,2,0,25,78,17,136,64,46,30,221,0
prefill,2,2,1,9,29,227,170,19,234,156,197,0
prefill,2,3,0,151,226,14,74,129,65,109,220,0
prefill,2,3,1,159,84,133,49,143,52,220,138,0
prefill,2,4,0,9,126,167,237,17,35,111,153,0
prefill,2,4,1,98,76,174,150,243,48,70,120,0
prefill,2,5,0,120,58,212,13,23,8,152,133,0
prefill,2,5,1,203,255,226,62,161,248,149,51,0
prefill,2,6,0,172,213,41,65,7,27,85,121,0
prefill,2,6,1,68,99,124,77,187,25,169,206,0
prefill,2,7,0,137,205,20,161,57,22,12,115,0
prefill,2,7,1,7,113,138,215,163,74,52,137,0
prefill,2,8,0,42,122,76,138,59,104,86,218,0
prefill,2,8,1,123,48,74,245,106,82,174,102,0
prefill,2,9,0,180,239,71,76,25,2,201,37,0
prefill,2,9,1,77,174,93,57,250,62,201,251,0
prefill,2,10,0,119,238,35,235,156,81,114,80,0
prefill,2,10,1,28,236,203,193,214,22,148,106,0
prefill,2,11,0,56,9,17,36,187,192,219,216,0
prefill,2,11,1,106,108,101,192,109,41,190,153,0
prefill,2,12,0,218,200,173,225,125,220,228,152,0
prefill,2,12,1,171,188,113,43,217,9,81,82,0
prefill,2,13,0,144,16,212,122,49,94,33,155,0
prefill,2,13,1,227,29,242,5,247,253,190,33,0
prefill,2,14,0,225,11,227,123,74,82,88,62,0
prefill,2,14,1,144,92,121,136,143,209,232,28,0
prefill,2,15,0,214,197,59,55,36,97,135,57,0
prefill,2,15,1,43,134,223,124,204,31,214,241,0
prefill,2,16,0,37,62,58,132,179,81,151,89,0
prefill,2,16,1,223,227,143,211,103,39,152,176,0
prefill,2,17,0,79,110,53,32,220,128,18,165,0
prefill,2,17,1,28,171,22,33,155,237,141,1,0
prefill,2,18,0,220,113,104,87,183,61,176,223,0
prefill,2,18,1,157,230,203,109,149,72,61,187,0
prefill,2,19,0,47,123,94,129,208,165,72,90,0
prefill,2,19,1,142,182,152,169,218,65,0,225,0
prefill,2,20,0,199,240,154,152,206,75,37,252,0
prefill,2,20,1,92,157,91,115,56,165,97,31,0
prefill,2,21,0,138,199,131,11,173,104,234,205,0
prefill,2,21,1,5,247,246,88,60,166,224,162,0
prefill,2,22,0,188,175,235,137,216,160,245,213,0
prefill,2,22,1,112,204,153,165,52,10,139,134,0
prefill,2,23,0,115,59,156,54,170,49,22,178,0
prefill,2,23,1,17,97,162,38,178,34,68,19,0
prefill,2,24,0,84,99,227,253,214,181,101,235,0
prefill,2,24,1,76,132,195,123,140,217,149,94,0
prefill,2,25,0,16,213,173,219,4,181,161,149,0
prefill,2,25,1,188,102,23,15,191,0,119,249,0
prefill,2,26,0,36,68,4,218,239,155,22,12,0
prefill,2,1,0,92,8,51,25,87,91,20,164,0
prefill,2,1,1,92,124,245,8,51,91,48,58,0
prefill,2,2,0,88,122,53,211,249,33,147,92,0
prefill,2,2,1,88,192,11,232,167,33,92,189,0
prefill,2,3,0,48,228,59,138,250,40,88,34,0
prefill,2,3,1,255,250,27,201,138,13,97,183,0
prefill,2,4,0,153,53,225,232,183,185,149,40,0
prefill,2,4,1,123,185,248,105,80,124,182,39,0
prefill,2,5,0,144,130,137,219,220,253,204,174,0
prefill,2,5,1,220,22,234,137,92,23,62,216,0
prefill,2,6,0,174,121,75,7,118,200,46,101,0
prefill,2,6,1,121,200,18,225,98,38,58,216,0
prefill,2,7,0,92,166,153,222,123,111,131,135,0
prefill,2,7,1,44,185,187,235,216,128,105,132,0
prefill,2,8,0,131,60,166,161,218,214,143,220,0
prefill,2,8,1,7,131,93,254,220,98,192,166,0
prefill,2,9,0,47,49,189,170,42,128,173,6,0
prefill,2,9,1,195,208,2,27,49,15,63,37,0
prefill,2,10,0,70,119,8,165,97,224,58,196,0
prefill,2,10,1,70,193,80,66,29,6,86,177,0
prefill,2,11,0,18,98,153,167,97,129,5,110,0
prefill,2,11,1,18,123,19,149,22,35,127,249,0
prefill,2,12,0,4,128,59,13,247,51,196,218,0
prefill,2,12,1,137,34,245,215,244,72,73,125,0
prefill,2,13,0,11,252,173,153,105,81,54,152,0
prefill,2,13,1,28,253,153,196,116,105,142,22,0
prefill,2,14,0,191,126,154,222,36,71,225,250,0
prefill,2,14,1,43,223,20,172,240,56,74,80,0
prefill,2,15,0,157,245,163,179,227,101,36,5,0
prefill,2,15,1,81,155,214,90,117,80,12,245,0
prefill,2,16,0,152,112,216,54,81,9,111,172,0
prefill,2,16,1,76,231,167,72,99,63,45,124,0
prefill,2,17,0,69,99,123,238,131,62,5,18,0
prefill,2,17,1,226,69,212,160,123,172,16,229,0
prefill,2,18,0,190,44,0,37,98,130,180,122,0
prefill,2,18,1,150,234,244,86,0,55,16,28,0
prefill,2,19,0,184,20,46,188,251,140,22,252,0
prefill,2,19,1,152,120,133,54,188,199,146,112,0
prefill,2,20,0,48,245,100,67,136,80,42,17,0
prefill,2,20,1,144,244,175,61,37,3,80,39,0
prefill,2,21,0,74,2,234,125,52,162,62,39,0
prefill,2,21,1,37,199,11,253,145,5,62,196,0
prefill,2,22,0,160,239,46,24,99,101,56,216,0
prefill,2,22,1,160,172,115,144,188,112,103,185,0
prefill,2,23,0,115,138,172,7,24,35,195,68,0
prefill,2,23,1,187,158,38,40,174,210,85,164,0
prefill,2,24,0,118,105,129,123,11,221,241,158,0
prefill,2,24,1,118,153,106,37,105,214,227,78,0
prefill,2,25,0,63,229,203,189,67,4,249,143,0
prefill,2,25,1,130,42,96,215,7,72,174,163,0
prefill,2,26,0,101,173,150,169,121,87,177,10,0
prefill,43,1,0,50,43,21,4,83,105,96,127,0
prefill,43,1,1,8,0,40,25,204,13,245,88,0
prefill,43,1,2,200,213,19,96,8,174,13,218,0
prefill,43,1,3,157,199,13,6,8,133,96,135,0
prefill,43,1,4,47,114,210,157,8,110,116,97,0
prefill,43,1,5,85,193,26,52,212,205,210,8,0
prefill,43,1,6,117,85,140,116,26,193,138,87,0
prefill,43,1,7,131,38,116,85,205,140,138,26,0
prefill,43,1,8,131,116,152,38,140,102,160,224,0
prefill,43,1,9,47,116,152,114,38,210,102,140,0
prefill,43,1,10,87,116,152,140,193,231,38,75,0
prefill,43,1,11,87,116,152,107,182,140,102,205,0
prefill,43,1,12,116,95,107,140,152,87,122,250,0
prefill,43,1,13,32,116,134,152,95,140,65,69,0
prefill,43,1,14,170,116,199,140,17,38,254,152,0
prefill,43,1,15,116,210,103,33,170,140,102,165,0
prefill,43,1,16,116,254,140,30,110,11,122,112,0
prefill,43,1,17,116,182,64,107,110,140,165,102,0
prefill,43,1,18,116,231,107,210,14,140,146,150,0
prefill,43,1,19,116,14,237,30,10,140,92,165,0
prefill,43,1,20,116,122,46,14,231,95,250,4,0
prefill,43,1,21,116,220,120,182,140,14,223,102,0
prefill,43,1,22,103,116,47,220,65,102,75,58,0
prefill,43,1,23,116,87,65,11,140,231,243,101,0
prefill,43,1,24,116,234,32,28,154,138,87,44,0
prefill,43,1,25,116,53,199,102,58,10,55,131,0
prefill,43,1,26,103,210,116,152,102,215,58,138,0
prefill,43,1,27,116,97,106,210,11,132,252,217,0
prefill,43,1,28,116,244,252,217,108,31,140,55,0
prefill,43,1,29,116,182,107,64,244,217,252,200,0
prefill,43,1,30,103,47,116,107,200,217,252,44,0
prefill,43,1,31,116,254,11,230,140,252,107,51,0
prefill,43,1,32,116,109,51,56,91,138,28,140,0
prefill,43,1,33,81,199,116,140,138,85,54,110,0
prefill,43,1,34,47,114,116,210,138,81,199,140,0
prefill,43,1,35,95,193,116,210,114,138,180,133,0
prefill,43,1,36,95,132,153,193,140,116,138,85,0
prefill,43,1,37,95,254,132,176,140,116,185,218,0
prefill,43,1,38,32,134,95,116,138,132,254,221,0
prefill,43,1,39,228,114,134,116,138,140,95,146,0
prefill,43,1,40,180,46,116,141,27,138,221,140,0
prefill,43,1,41,40,46,160,115,180,116,133,31,0
prefill,43,1,42,51,109,116,138,56,40,91,150,0
prefill,43,2,0,50,202,95,141,241,121,222,213,0
prefill,43,2,1,211,122,53,249,50,62,129,61,0
prefill,43,2,2,61,108,116,68,92,180,19,162,0
prefill,43,2,3,116,129,221,53,180,169,101,24,0
prefill,43,2,4,169,110,180,53,242,116,200,56,0
prefill,43,2,5,110,169,242,53,180,20,200,148,0
prefill,43,2,6,200,132,41,76,24,180,22,79,0
prefill,43,2,7,5,200,41,22,23,169,238,180,0
prefill,43,2,8,125,235,200,22,5,41,153,163,0
prefill,43,2,9,125,110,220,89,155,255,163,139,0
prefill,43,2,10,218,72,110,146,220,122,53,41,0
prefill,43,2,11,218,96,72,166,132,220,74,143,0
prefill,43,2,12,63,175,245,220,72,164,218,146,0
prefill,43,2,13,63,175,218,125,220,132,56,246,0
prefill,43,2,14,76,85,235,132,155,220,125,22,0
prefill,43,2,15,76,240,51,132,163,155,22,214,0
prefill,43,2,16,128,175,177,76,198,195,53,159,0
prefill,43,2,17,96,76,175,128,205,195,32,154,0
prefill,43,2,18,199,63,96,115,74,16,128,76,0
prefill,43,2,19,203,74,115,63,164,17,188,92,0
prefill,43,2,20,175,74,115,17,21,208,63,35,0
prefill,43,2,21,155,183,191,17,115,74,175,241,0
prefill,43,2,22,51,127,155,240,223,22,67,182,0
prefill,43,2,23,218,89,177,146,72,55,63,205,0
prefill,43,2,24,173,118,223,207,74,153,76,115,0
prefill,43,2,25,224,126,159,135,132,107,205,255,0
prefill,43,2,26,51,240,159,60,255,57,76,40,0
prefill,43,2,27,127,89,76,152,244,151,177,220,0
prefill,43,2,28,237,178,80,205,45,4,76,220,0
prefill,43,2,29,96,154,178,237,80,4,45,205,0
prefill,43,2,30,51,96,240,63,222,154,127,149,0
prefill,43,2,31,155,63,177,219,212,4,89,8,0
prefill,43,2,32,222,238,14,88,155,145,104,147,0
prefill,43,2,33,21,199,200,192,238,155,255,143,0
prefill,43,2,34,110,166,21,200,242,255,160,56,0
prefill,43,2,35,200,169,110,56,151,251,234,206,0
prefill,43,2,36,169,75,56,200,20,40,220,19,0
prefill,43,2,37,56,245,234,169,10,243,79,206,0
prefill,43,2,38,172,169,200,10,85,56,234,220,0
prefill,43,2,39,98,85,128,169,167,166,200,10,0
prefill,43,2,40,21,128,200,13,95,85,56,115,0
prefill,43,2,41,202,84,200,253,237,190,218,136,0
prefill,43,2,42,238,104,222,200,169,88,85,147,0
prefill,43,3,0,109,177,212,161,40,133,202,138,0
prefill,43,3,1,48,228,59,138,40,250,212,88,0
prefill,43,3,2,180,201,108,220,67,18,125,24,0
prefill,43,3,3,25,105,228,201,64,125,251,206,0
prefill,43,3,4,25,161,125,228,105,4,64,48,0
prefill,43,3,5,200,50,64,202,43,132,25,173,0
prefill,43,3,6,75,132,182,64,25,70,48,212,0
prefill,43,3,7,169,25,72,112,228,252,84,75,0
prefill,43,3,8,44,64,164,213,132,140,75,25,0
prefill,43,3,9,64,213,161,44,132,104,164,191,0
prefill,43,3,10,180,64,89,132,145,96,215,48,0
prefill,43,3,11,216,180,64,89,213,80,96,184,0
prefill,43,3,12,64,89,132,115,81,145,180,131,0
prefill,43,3,13,124,64,213,99,127,180,58,115,0
prefill,43,3,14,64,205,213,174,75,132,250,9,0
prefill,43,3,15,64,237,36,213,132,127,93,45,0
prefill,43,3,16,64,217,115,183,237,89,19,142,0
prefill,43,3,17,64,72,217,247,183,216,115,21,0
prefill,43,3,18,64,237,83,21,89,213,72,25,0
prefill,43,3,19,64,19,237,183,128,27,109,71,0
prefill,43,3,20,64,81,56,132,94,84,237,226,0
prefill,43,3,21,64,243,146,30,72,13,232,213,0
prefill,43,3,22,64,93,36,149,228,213,132,56,0
prefill,43,3,23,64,180,5,96,145,132,62,84,0
prefill,43,3,24,196,64,124,228,131,149,25,8,0
prefill,43,3,25,205,64,213,179,197,115,195,193,0
prefill,43,3,26,64,93,36,205,213,193,45,112,0
prefill,43,3,27,156,237,64,213,138,73,218,145,0
prefill,43,3,28,64,213,25,145,120,28,1,73,0
prefill,43,3,29,72,64,213,146,218,156,217,84,0
prefill,43,3,30,93,64,213,72,36,84,232,0,0
prefill,43,3,31,156,64,213,237,145,65,132,89,0
prefill,43,3,32,97,64,86,25,228,66,0,185,0
prefill,43,3,33,205,25,64,132,75,213,66,44,0
prefill,43,3,34,161,213,25,105,75,64,205,132,0
prefill,43,3,35,11,211,23,143,25,64,98,215,0
prefill,43,3,36,180,132,101,104,123,75,64,246,0
prefill,43,3,37,132,54,41,211,252,73,101,59,0
prefill,43,3,38,124,58,118,211,252,158,233,67,0
prefill,43,3,39,207,149,174,238,58,233,125,147,0
prefill,43,3,40,207,132,168,41,215,104,25,211,0
prefill,43,3,41,45,132,213,118,73,75,54,41,0
prefill,43,3,42,97,86,185,66,25,0,177,228,0
prefill,43,4,0,189,197,65,48,36,10,157,163,0
prefill,43,4,1,225,153,53,253,231,232,126,183,0
prefill,43,4,2,111,49,8,188,172,124,10,178,0
prefill,43,4,3,172,111,8,4,113,245,98,81,0
prefill,43,4,4,172,221,60,111,98,122,245,81,0
prefill,43,4,5,111,183,182,172,245,194,124,221,0
prefill,43,4,6,167,111,85,172,245,183,182,86,0
prefill,43,4,7,172,111,167,245,183,178,83,78,0
prefill,43,4,8,85,245,190,167,113,119,103,183,0
prefill,43,4,9,85,221,245,60,190,119,167,183,0
prefill,43,4,10,85,40,245,183,32,119,4,109,0
prefill,43,4,11,127,245,85,40,97,190,129,119,0
prefill,43,4,12,245,85,40,127,134,183,236,153,0
prefill,43,4,13,85,245,218,190,119,40,197,153,0
prefill,43,4,14,85,245,119,169,113,188,190,4,0
prefill,43,4,15,246,85,245,4,104,234,32,190,0
prefill,43,4,16,4,85,2,32,40,245,178,183,0
prefill,43,4,17,4,127,129,85,245,190,209,119,0
prefill,43,4,18,249,4,85,127,245,153,190,40,0
prefill,43,4,19,153,85,134,15,32,4,245,236,0
prefill,43,4,20,153,85,236,134,154,4,245,32,0
prefill,43,4,21,153,14,85,4,129,154,236,183,0
prefill,43,4,22,246,245,14,85,153,234,187,4,0
prefill,43,4,23,153,85,40,245,191,106,4,215,0
prefill,43,4,24,245,181,85,190,153,4,172,236,0
prefill,43,4,25,186,190,3,245,85,204,4,8,0
prefill,43,4,26,246,190,104,245,4,85,40,179,0
prefill,43,4,27,104,190,85,245,221,124,223,210,0
prefill,43,4,28,107,245,85,190,104,4,152,106,0
prefill,43,4,29,129,127,107,190,245,104,142,16,0
prefill,43,4,30,246,107,104,127,245,190,157,40,0
prefill,43,4,31,245,190,85,127,104,124,153,84,0
prefill,43,4,32,185,172,245,111,190,173,107,202,0
prefill,43,4,33,28,172,111,245,183,163,190,187,0
prefill,43,4,34,60,221,245,190,156,167,84,187,0
prefill,43,4,35,172,8,97,111,83,173,223,245,0
prefill,43,4,36,245,183,167,182,52,78,111,8,0
prefill,43,4,37,245,167,8,119,182,173,86,253,0
prefill,43,4,38,218,172,245,190,167,31,8,83,0
prefill,43,4,39,166,97,218,190,172,245,156,8,0
prefill,43,4,40,28,245,111,167,183,172,85,119,0
prefill,43,4,41,245,28,111,183,86,126,190,173,0
prefill,43,4,42,172,185,111,245,28,158,173,190,0
prefill,43,5,0,144,249,78,192,13,167,93,197,0
prefill,43,5,1,144,130,137,219,253,204,193,203,0
prefill,43,5,2,250,230,103,155,205,129,137,203,0
prefill,43,5,3,193,230,148,229,205,194,247,30,0
prefill,43,5,4,54,230,148,229,98,192,96,205,0
prefill,43,5,5,148,230,50,250,205,229,54,68,0
prefill,43,5,6,148,168,230,21,194,50,205,111,0
prefill,43,5,7,148,230,12,194,40,41,180,155,0
prefill,43,5,8,148,12,194,184,27,224,230,79,0
prefill,43,5,9,98,54,148,224,184,99,63,144,0
prefill,43,5,10,211,148,116,4,72,230,87,19,0
prefill,43,5,11,52,19,211,98,72,148,116,104,0
prefill,43,5,12,211,87,137,224,230,36,104,116,0
prefill,43,5,13,108,148,44,204,230,160,40,219,0
prefill,43,5,14,184,148,134,9,160,205,149,80,0
prefill,43,5,15,98,104,117,148,5,219,9,230,0
prefill,43,5,16,39,117,162,211,148,104,230,5,0
prefill,43,5,17,52,211,117,148,39,230,147,34,0
prefill,43,5,18,234,98,39,52,148,117,83,211,0
prefill,43,5,19,83,92,99,148,104,238,5,49,0
prefill,43,5,20,83,92,137,224,148,234,230,153,0
prefill,43,5,21,27,96,83,148,5,117,92,244,0
prefill,43,5,22,148,98,236,27,91,123,83,230,0
prefill,43,5,23,236,148,211,104,160,83,92,101,0
prefill,43,5,24,148,56,106,40,230,117,194,108,0
prefill,43,5,25,148,181,160,117,39,83,78,25,0
prefill,43,5,26,98,148,83,157,39,25,87,124,0
prefill,43,5,27,157,98,148,76,15,117,176,5,0
prefill,43,5,28,157,83,183,78,39,160,211,104,0
prefill,43,5,29,52,157,39,83,148,78,96,206,0
prefill,43,5,30,148,104,83,98,10,39,91,177,0
prefill,43,5,31,27,157,76,148,98,160,15,44,0
prefill,43,5,32,148,40,230,6,157,39,220,236,0
prefill,43,5,33,148,83,205,40,84,193,230,27,0
prefill,43,5,34,54,148,98,229,230,108,180,254,0
prefill,43,5,35,229,148,54,221,194,230,250,5,0
prefill,43,5,36,250,148,229,168,230,4,31,236,0
prefill,43,5,37,250,148,229,168,230,85,248,27,0
prefill,43,5,38,148,108,229,44,250,40,230,56,0
prefill,43,5,39,166,54,148,98,134,229,108,194,0
prefill,43,5,40,148,82,250,147,185,222,238,157,0
prefill,43,5,41,148,250,203,82,147,166,91,157,0
prefill,43,5,42,148,229,40,155,230,250,82,15,0
prefill,43,6,0,223,67,228,57,36,38,200,229,0
prefill,43,6,1,174,121,75,84,118,101,7,46,0
prefill,43,6,2,148,195,57,84,125,38,130,237,0
prefill,43,6,3,89,38,154,173,18,57,225,159,0
prefill,43,6,4,154,171,173,38,89,18,108,84,0
prefill,43,6,5,145,90,173,18,105,193,245,157,0
prefill,43,6,6,157,145,81,173,193,35,249,121,0
prefill,43,6,7,22,145,173,38,127,168,232,108,0
prefill,43,6,8,145,81,149,157,64,75,22,97,0
prefill,43,6,9,81,145,171,221,149,128,227,84,0
prefill,43,6,10,145,227,81,252,151,16,149,121,0
prefill,43,6,11,145,81,252,52,16,149,227,151,0
prefill,43,6,12,227,81,252,145,151,149,121,255,0
prefill,43,6,13,145,81,227,113,252,127,204,149,0
prefill,43,6,14,81,145,178,194,127,149,227,249,0
prefill,43,6,15,81,176,151,170,145,8,75,98,0
prefill,43,6,16,81,182,8,151,238,145,84,158,0
prefill,43,6,17,81,182,144,145,151,84,167,181,0
prefill,43,6,18,81,186,151,145,182,22,238,246,0
prefill,43,6,19,81,62,151,152,186,227,182,84,0
prefill,43,6,20,81,151,182,186,62,227,194,83,0
prefill,43,6,21,81,151,186,144,212,8,182,23,0
prefill,43,6,22,81,151,176,145,227,62,186,212,0
prefill,43,6,23,81,145,151,227,245,60,35,191,0
prefill,43,6,24,81,158,145,8,110,151,182,121,0
prefill,43,6,25,247,122,145,81,151,227,35,89,0
prefill,43,6,26,176,247,151,227,145,81,122,100,0
prefill,43,6,27,145,71,247,81,151,157,146,251,0
prefill,43,6,28,151,81,247,204,145,148,156,35,0
prefill,43,6,29,144,151,247,81,204,156,122,145,0
prefill,43,6,30,81,151,227,62,145,35,84,121,0
prefill,43,6,31,145,89,81,151,204,71,247,156,0
prefill,43,6,32,247,200,151,145,81,89,204,156,0
prefill,43,6,33,181,145,106,10,173,38,200,81,0
prefill,43,6,34,145,171,157,10,81,193,35,199,0
prefill,43,6,35,99,154,145,6,193,173,245,210,0
prefill,43,6,36,145,6,193,173,154,35,160,81,0
prefill,43,6,37,145,193,157,6,35,173,245,235,0
prefill,43,6,38,145,113,193,173,6,154,157,10,0
prefill,43,6,39,47,145,10,157,199,193,6,45,0
prefill,43,6,40,6,145,47,81,35,193,173,246,0
prefill,43,6,41,6,114,145,47,81,35,157,179,0
prefill,43,6,42,47,6,200,145,173,33,193,35,0
prefill,43,7,0,242,151,94,217,110,146,76,144,0
prefill,43,7,1,92,166,176,153,195,8,78,179,0
prefill,43,7,2,175,44,98,189,176,220,151,232,0
prefill,43,7,3,98,141,176,68,220,232,189,151,0
prefill,43,7,4,98,182,220,176,232,44,68,164,0
prefill,43,7,5,117,170,98,176,220,137,232,101,0
prefill,43,7,6,117,98,176,220,137,53,232,218,0
prefill,43,7,7,53,98,220,232,117,137,212,44,0
prefill,43,7,8,53,34,137,243,106,37,220,102,0
prefill,43,7,9,182,34,137,195,164,110,176,44,0
prefill,43,7,10,197,30,34,117,106,176,130,252,0
prefill,43,7,11,26,30,197,34,106,241,182,176,0
prefill,43,7,12,197,164,252,106,218,12,223,130,0
prefill,43,7,13,34,255,197,220,106,137,130,30,0
prefill,43,7,14,235,137,106,255,173,176,72,80,0
prefill,43,7,15,103,235,197,210,137,12,154,80,0
prefill,43,7,16,30,12,230,195,210,154,234,137,0
prefill,43,7,17,26,30,224,235,137,12,154,106,0
prefill,43,7,18,30,12,137,210,106,93,161,154,0
prefill,43,7,19,137,12,204,195,13,164,210,84,0
prefill,43,7,20,137,218,12,210,195,121,255,234,0
prefill,43,7,21,224,210,54,137,195,234,165,255,0
prefill,43,7,22,103,106,224,210,117,197,195,164,0
prefill,43,7,23,197,30,167,195,106,117,34,3,0
prefill,43,7,24,137,248,117,210,176,128,220,106,0
prefill,43,7,25,170,210,106,235,176,197,104,150,0
prefill,43,7,26,103,210,170,106,197,235,12,4,0
prefill,43,7,27,210,106,235,84,204,197,117,73,0
prefill,43,7,28,197,210,30,235,204,106,172,254,0
prefill,43,7,29,26,224,210,197,30,106,170,241,0
prefill,43,7,30,210,197,117,164,204,106,12,111,0
prefill,43,7,31,106,204,197,235,30,176,210,73,0
prefill,43,7,32,210,197,106,128,176,235,248,30,0
prefill,43,7,33,243,98,137,220,176,232,88,117,0
prefill,43,7,34,182,243,176,106,98,117,137,220,0
prefill,43,7,35,59,60,98,137,164,182,101,176,0
prefill,43,7,36,60,176,117,137,101,106,79,229,0
prefill,43,7,37,60,176,106,117,101,79,137,229,0
prefill,43,7,38,133,60,255,98,137,220,176,117,0
prefill,43,7,39,255,117,182,87,101,243,176,106,0
prefill,43,7,40,106,117,137,148,194,60,176,132,0
prefill,43,7,41,28,106,79,117,176,194,101,232,0
prefill,43,7,42,98,169,137,60,79,176,117,220,0
prefill,43,8,0,42,2,148,220,139,60,20,111,0
prefill,43,8,1,131,60,166,161,214,220,143,208,0
prefill,43,8,2,131,98,136,194,111,220,61,60,0
prefill,43,8,3,131,98,111,136,220,121,2,164,0
prefill,43,8,4,131,202,98,220,92,242,111,136,0
prefill,43,8,5,131,100,202,98,242,111,83,244,0
prefill,43,8,6,131,202,19,83,242,98,163,92,0
prefill,43,8,7,131,195,202,163,242,92,111,98,0
prefill,43,8,8,163,131,91,239,19,15,195,220,0
prefill,43,8,9,91,131,19,163,117,239,252,220,0
prefill,43,8,10,91,31,163,131,209,59,182,199,0
prefill,43,8,11,91,141,31,239,163,131,157,59,0
prefill,43,8,12,91,11,163,31,131,209,228,252,0
prefill,43,8,13,91,163,134,31,19,131,182,172,0
prefill,43,8,14,163,19,35,101,131,14,13,57,0
prefill,43,8,15,205,31,237,163,19,131,219,218,0
prefill,43,8,16,19,31,163,252,153,35,208,131,0
prefill,43,8,17,163,141,239,19,31,101,153,220,0
prefill,43,8,18,189,239,31,163,19,208,141,157,0
prefill,43,8,19,25,9,73,153,208,31,103,163,0
prefill,43,8,20,31,163,9,153,239,25,189,252,0
prefill,43,8,21,31,16,163,239,96,219,189,153,0
prefill,43,8,22,205,31,163,208,16,153,19,239,0
prefill,43,8,23,31,91,16,163,89,19,208,6,0
prefill,43,8,24,163,19,125,92,131,242,31,196,0
prefill,43,8,25,163,54,31,5,179,131,126,57,0
prefill,43,8,26,31,205,163,54,237,215,89,153,0
prefill,43,8,27,49,31,54,208,163,26,97,91,0
prefill,43,8,28,31,118,163,194,3,57,54,34,0
prefill,43,8,29,141,163,31,54,239,57,118,131,0
prefill,43,8,30,31,19,73,205,9,252,153,117,0
prefill,43,8,31,31,91,208,163,141,26,89,49,0
prefill,43,8,32,31,78,163,54,125,131,5,92,0
prefill,43,8,33,163,242,131,29,227,90,202,98,0
prefill,43,8,34,163,29,98,202,227,220,19,131,0
prefill,43,8,35,232,58,202,98,242,163,49,170,0
prefill,43,8,36,58,98,57,163,12,23,183,164,0
prefill,43,8,37,58,163,98,183,57,242,220,12,0
prefill,43,8,38,134,98,202,58,242,29,170,163,0
prefill,43,8,39,101,170,39,98,202,29,163,232,0
prefill,43,8,40,83,98,23,163,170,101,57,242,0
prefill,43,8,41,83,12,23,75,163,101,98,59,0
prefill,43,8,42,170,83,202,242,78,61,98,92,0
prefill,43,9,0,2,174,237,60,190,239,209,88,0
prefill,43,9,1,47,49,170,189,42,128,66,58,0
prefill,43,9,2,2,155,187,151,150,124,27,172,0
prefill,43,9,3,250,124,2,27,229,172,87,155,0
prefill,43,9,4,136,124,229,113,2,27,250,172,0
prefill,43,9,5,209,124,147,229,192,145,201,136,0
prefill,43,9,6,147,229,192,141,124,136,201,178,0
prefill,43,9,7,229,124,136,2,192,178,147,88,0
prefill,43,9,8,192,229,124,147,136,141,20,19,0
prefill,43,9,9,136,192,229,172,124,235,2,113,0
prefill,43,9,10,192,229,136,123,4,20,124,178,0
prefill,43,9,11,92,192,229,136,240,178,67,124,0
prefill,43,9,12,192,150,229,100,123,166,60,4,0
prefill,43,9,13,192,229,210,178,100,136,185,48,0
prefill,43,9,14,76,192,141,229,185,124,58,210,0
prefill,43,9,15,192,170,76,136,229,178,161,2,0
prefill,43,9,16,192,76,216,123,141,229,178,161,0
prefill,43,9,17,76,192,92,123,229,161,178,141,0
prefill,43,9,18,192,19,76,123,136,177,216,218,0
prefill,43,9,19,192,166,241,123,229,156,19,238,0
prefill,43,9,20,192,150,10,44,123,238,229,57,0
prefill,43,9,21,192,10,123,92,44,166,177,238,0
prefill,43,9,22,192,166,126,170,123,178,235,145,0
prefill,43,9,23,192,103,123,40,166,201,10,177,0
prefill,43,9,24,192,229,76,8,199,141,67,210,0
prefill,43,9,25,192,213,123,75,107,67,152,210,0
prefill,43,9,26,192,213,75,123,101,10,170,194,0
prefill,43,9,27,75,213,192,123,101,124,198,136,0
prefill,43,9,28,75,192,213,123,21,241,2,161,0
prefill,43,9,29,92,75,213,192,123,21,52,229,0
prefill,43,9,30,192,74,123,226,10,238,166,235,0
prefill,43,9,31,103,192,213,123,126,23,75,219,0
prefill,43,9,32,192,123,213,75,220,229,2,161,0
prefill,43,9,33,229,250,192,88,124,210,199,8,0
prefill,43,9,34,192,136,229,113,250,141,31,58,0
prefill,43,9,35,19,229,55,243,147,124,27,31,0
prefill,43,9,36,147,141,209,154,31,229,25,205,0
prefill,43,9,37,147,90,209,31,205,123,154,229,0
prefill,43,9,38,47,31,210,229,73,147,8,124,0
prefill,43,9,39,26,5,229,136,192,31,243,124,0
prefill,43,9,40,192,5,141,6,154,31,229,123,0
prefill,43,9,41,141,6,192,176,73,147,240,48,0
prefill,43,9,42,5,73,229,55,31,124,154,99,0
prefill,43,10,0,28,167,81,219,238,114,230,130,0
prefill,43,10,1,70,119,8,165,114,97,100,224,0
prefill,43,10,2,105,118,193,139,0,156,116,208,0
prefill,43,10,3,208,96,70,175,203,160,118,177,0
prefill,43,10,4,208,95,70,110,119,160,58,118,0
prefill,43,10,5,208,203,84,142,110,220,119,141,0
prefill,43,10,6,208,243,41,110,35,142,225,114,0
prefill,43,10,7,208,159,170,41,225,58,224,35,0
prefill,43,10,8,208,170,96,41,116,159,70,58,0
prefill,43,10,9,95,208,110,142,70,151,170,119,0
prefill,43,10,10,122,208,110,41,243,119,58,105,0
prefill,43,10,11,120,122,208,170,110,105,119,58,0
prefill,43,10,12,139,208,84,92,122,105,120,156,0
prefill,43,10,13,221,208,149,86,58,35,105,142,0
prefill,43,10,14,208,126,221,96,170,119,224,95,0
prefill,43,10,15,16,208,126,215,68,95,248,224,0
prefill,43,10,16,96,208,126,193,253,58,66,149,0
prefill,43,10,17,120,208,170,126,96,215,58,221,0
prefill,43,10,18,186,248,215,208,120,170,223,92,0
prefill,43,10,19,215,208,186,92,84,248,154,24,0
prefill,43,10,20,215,208,139,92,186,66,76,196,0
prefill,43,10,21,141,215,208,186,126,232,245,170,0
prefill,43,10,22,215,122,208,141,126,232,16,41,0
prefill,43,10,23,215,122,208,141,243,126,96,193,0
prefill,43,10,24,208,88,167,91,86,126,221,195,0
prefill,43,10,25,39,190,147,45,208,115,24,87,0
prefill,43,10,26,215,122,16,208,126,185,190,76,0
prefill,43,10,27,248,39,45,126,24,169,208,7,0
prefill,43,10,28,76,208,185,125,122,215,7,39,0
prefill,43,10,29,120,76,170,45,178,7,125,39,0
prefill,43,10,30,215,126,122,46,208,152,185,16,0
prefill,43,10,31,248,96,45,76,122,41,120,185,0
prefill,43,10,32,208,126,195,237,88,86,24,66,0
prefill,43,10,33,208,96,195,41,221,88,87,98,0
prefill,43,10,34,208,41,87,95,142,160,110,119,0
prefill,43,10,35,208,160,118,92,24,41,149,87,0
prefill,43,10,36,41,160,220,153,253,208,57,145,0
prefill,43,10,37,208,160,243,41,185,145,87,114,0
prefill,43,10,38,208,171,213,160,41,221,91,185,0
prefill,43,10,39,208,41,149,64,87,160,177,110,0
prefill,43,10,40,208,57,76,110,243,142,118,149,0
prefill,43,10,41,76,142,208,41,182,243,134,213,0
prefill,43,10,42,208,213,134,195,160,41,185,87,0
prefill,43,11,0,131,139,135,100,28,126,18,35,0
prefill,43,11,1,18,98,179,167,129,153,190,5,0
prefill,43,11,2,144,169,45,171,178,249,98,187,0
prefill,43,11,3,100,83,144,185,238,41,245,230,0
prefill,43,11,4,130,35,83,100,144,238,185,230,0
prefill,43,11,5,8,130,83,185,144,30,82,20,0
prefill,43,11,6,8,185,144,52,83,135,78,30,0
prefill,43,11,7,8,116,83,185,128,246,144,37,0
prefill,43,11,8,8,116,60,185,232,35,53,238,0
prefill,43,11,9,35,130,8,185,83,47,75,106,0
prefill,43,11,10,45,234,185,8,56,47,127,130,0
prefill,43,11,11,45,8,185,157,234,60,94,127,0
prefill,43,11,12,9,47,56,124,13,234,8,157,0
prefill,43,11,13,90,8,47,127,52,124,185,157,0
prefill,43,11,14,8,128,127,52,53,185,110,238,0
prefill,43,11,15,85,47,9,8,127,185,110,124,0
prefill,43,11,16,47,45,185,74,127,163,75,8,0
prefill,43,11,17,127,47,198,45,8,185,156,94,0
prefill,43,11,18,172,127,47,45,185,199,143,246,0
prefill,43,11,19,248,47,58,9,74,13,75,124,0
prefill,43,11,20,47,45,127,9,187,61,13,101,0
prefill,43,11,21,23,127,47,8,10,9,52,13,0
prefill,43,11,22,85,127,9,98,34,23,75,8,0
prefill,43,11,23,45,127,9,47,41,185,175,8,0
prefill,43,11,24,8,75,127,47,185,237,124,167,0
prefill,43,11,25,127,116,58,53,185,9,47,193,0
prefill,43,11,26,127,9,47,85,75,185,143,142,0
prefill,43,11,27,127,203,47,185,142,16,248,9,0
prefill,43,11,28,127,58,126,9,47,143,185,30,0
prefill,43,11,29,127,94,142,231,9,30,192,185,0
prefill,43,11,30,127,198,34,9,44,85,185,75,0
prefill,43,11,31,77,127,142,203,146,9,60,232,0
prefill,43,11,32,58,127,185,8,28,47,191,9,0
prefill,43,11,33,8,238,126,134,30,185,100,155,0
prefill,43,11,34,8,130,35,238,134,75,225,185,0
prefill,43,11,35,8,134,130,168,155,147,230,100,0
prefill,43,11,36,38,8,126,74,185,147,13,52,0
prefill,43,11,37,8,147,126,185,30,13,143,77,0
prefill,43,11,38,90,8,134,48,147,88,30,230,0
prefill,43,11,39,181,8,134,238,130,30,185,55,0
prefill,43,11,40,8,194,185,134,143,126,225,181,0
prefill,43,11,41,8,126,225,191,236,194,59,163,0
prefill,43,11,42,8,19,147,78,88,15,163,185,0
prefill,43,12,0,227,87,157,134,245,79,244,128,0
prefill,43,12,1,4,59,128,150,75,209,247,208,0
prefill,43,12,2,209,188,128,152,187,125,140,61,0
prefill,43,12,3,242,19,253,187,8,190,150,13,0
prefill,43,12,4,92,123,253,187,19,238,150,218,0
prefill,43,12,5,233,99,187,13,92,253,185,125,0
prefill,43,12,6,62,187,27,15,185,253,225,92,0
prefill,43,12,7,253,185,200,187,139,11,246,125,0
prefill,43,12,8,48,237,243,225,114,8,206,253,0
prefill,43,12,9,123,48,92,237,243,114,161,132,0
prefill,43,12,10,237,166,243,48,22,62,209,114,0
prefill,43,12,11,237,189,209,166,48,114,238,179,0
prefill,43,12,12,237,243,166,129,27,12,209,148,0
prefill,43,12,13,237,10,243,48,166,79,59,196,0
prefill,43,12,14,243,166,209,237,225,206,11,187,0
prefill,43,12,15,161,27,209,225,59,166,243,189,0
prefill,43,12,16,27,22,248,243,225,166,59,187,0
prefill,43,12,17,27,189,49,209,166,187,11,59,0
prefill,43,12,18,179,189,27,200,166,113,209,114,0
prefill,43,12,19,27,248,9,68,200,94,71,182,0
prefill,43,12,20,27,22,243,200,248,9,152,15,0
prefill,43,12,21,49,27,189,204,48,183,124,150,0
prefill,43,12,22,161,166,49,204,2,114,183,111,0
prefill,43,12,23,166,48,243,237,113,33,85,20,0
prefill,43,12,24,6,79,185,114,27,245,243,30,0
prefill,43,12,25,153,212,166,8,240,225,114,27,0
prefill,43,12,26,161,153,2,166,254,130,99,243,0
prefill,43,12,27,170,71,153,166,114,226,243,2,0
prefill,43,12,28,153,166,201,227,243,152,98,225,0
prefill,43,12,29,153,49,189,166,66,95,209,251,0
prefill,43,12,30,166,161,222,4,221,194,153,176,0
prefill,43,12,31,243,166,71,153,250,170,114,95,0
prefill,43,12,32,245,166,58,114,153,253,111,116,0
prefill,43,12,33,93,253,185,245,8,130,114,233,0
prefill,43,12,34,92,123,93,114,233,72,185,253,0
prefill,43,12,35,92,94,253,203,185,187,125,247,0
prefill,43,12,36,231,99,131,255,62,203,92,209,0
prefill,43,12,37,62,125,203,175,131,188,209,15,0
prefill,43,12,38,10,244,54,154,253,130,185,125,0
prefill,43,12,39,123,104,92,93,10,67,253,47,0
prefill,43,12,40,22,47,170,15,70,62,125,114,0
prefill,43,12,41,15,22,233,62,114,243,66,47,0
prefill,43,12,42,245,14,54,58,253,62,15,241,0
prefill,43,13,0,60,145,237,4,16,170,162,173,0
prefill,43,13,1,11,252,173,105,49,67,153,81,0
prefill,43,13,2,52,155,28,244,21,237,212,192,0
prefill,43,13,3,159,43,155,245,126,39,236,143,0
prefill,43,13,4,142,159,43,155,254,237,126,200,0
prefill,43,13,5,30,155,163,39,43,171,8,102,0
prefill,43,13,6,121,53,30,171,43,155,126,205,0
prefill,43,13,7,134,30,155,126,205,194,2,121,0
prefill,43,13,8,195,95,205,171,126,143,30,102,0
prefill,43,13,9,142,205,171,195,120,126,47,234,0
prefill,43,13,10,195,205,171,98,126,77,119,153,0
prefill,43,13,11,58,195,205,98,171,142,23,183,0
prefill,43,13,12,205,99,195,171,126,23,183,77,0
prefill,43,13,13,205,195,171,23,126,102,77,39,0
prefill,43,13,14,195,205,98,42,183,23,126,159,0
prefill,43,13,15,205,68,90,195,208,23,183,170,0
prefill,43,13,16,119,205,101,51,77,171,102,23,0
prefill,43,13,17,205,119,86,23,171,98,10,58,0
prefill,43,13,18,119,205,226,70,23,56,77,28,0
prefill,43,13,19,72,205,88,208,183,226,137,119,0
prefill,43,13,20,205,101,167,23,137,119,183,85,0
prefill,43,13,21,209,207,205,86,119,77,23,246,0
prefill,43,13,22,68,205,77,226,207,119,90,98,0
prefill,43,13,23,85,205,77,226,195,101,98,169,0
prefill,43,13,24,205,77,74,30,102,195,28,129,0
prefill,43,13,25,77,38,205,78,56,81,234,195,0
prefill,43,13,26,68,205,110,77,38,152,246,234,0
prefill,43,13,27,38,110,77,70,205,170,56,102,0
prefill,43,13,28,77,51,38,205,101,85,111,152,0
prefill,43,13,29,86,110,246,77,205,38,221,56,0
prefill,43,13,30,205,68,98,77,226,2,152,110,0
prefill,43,13,31,77,11,205,110,53,195,219,80,0
prefill,43,13,32,153,77,205,30,26,85,151,74,0
prefill,43,13,33,43,30,113,205,155,153,54,77,0
prefill,43,13,34,142,30,205,43,121,237,56,230,0
prefill,43,13,35,237,99,175,30,245,155,142,43,0
prefill,43,13,36,78,175,237,253,121,247,171,160,0
prefill,43,13,37,247,175,167,121,239,155,237,171,0
prefill,43,13,38,188,175,121,230,30,237,43,155,0
prefill,43,13,39,58,30,119,121,113,142,175,205,0
prefill,43,13,40,53,121,205,237,30,175,174,77,0
prefill,43,13,41,80,121,167,205,77,53,178,50,0
prefill,43,13,42,153,73,191,175,155,121,237,230,0
prefill,43,14,0,72,89,62,88,201,181,112,238,0
prefill,43,14,1,191,126,154,225,71,36,227,98,0
prefill,43,14,2,77,80,84,56,233,88,57,74,0
prefill,43,14,3,231,106,206,84,35,255,15,145,0
prefill,43,14,4,222,26,122,231,206,106,20,250,0
prefill,43,14,5,235,46,26,140,206,233,169,122,0
prefill,43,14,6,179,235,206,183,186,20,169,89,0
prefill,43,14,7,235,186,206,133,20,86,112,43,0
prefill,43,14,8,235,253,206,231,20,53,37,255,0
prefill,43,14,9,235,26,222,206,247,53,188,37,0
prefill,43,14,10,235,188,6,37,206,204,43,26,0
prefill,43,14,11,197,235,188,206,244,250,47,81,0
prefill,43,14,12,235,205,206,244,81,37,46,204,0
prefill,43,14,13,103,235,206,186,57,176,253,19,0
prefill,43,14,14,235,53,255,6,35,20,206,188,0
prefill,43,14,15,202,235,85,255,206,6,141,227,0
prefill,43,14,16,109,235,6,160,204,206,115,106,0
prefill,43,14,17,197,235,6,206,160,255,20,81,0
prefill,43,14,18,81,216,235,6,206,36,250,71,0
prefill,43,14,19,81,3,6,235,129,173,133,159,0
prefill,43,14,20,81,205,19,6,235,3,133,206,0
prefill,43,14,21,46,118,81,6,235,188,91,206,0
prefill,43,14,22,91,235,202,6,188,46,81,85,0
prefill,43,14,23,79,235,6,206,81,188,37,251,0
prefill,43,14,24,9,176,235,206,6,169,81,56,0
prefill,43,14,25,35,6,246,235,206,188,57,232,0
prefill,43,14,26,202,134,246,6,85,87,206,35,0
prefill,43,14,27,134,76,6,235,246,150,206,20,0
prefill,43,14,28,19,6,246,115,179,229,206,235,0
prefill,43,14,29,197,246,6,245,19,237,87,57,0
prefill,43,14,30,202,246,6,235,85,87,91,188,0
prefill,43,14,31,79,188,6,246,46,235,206,37,0
prefill,43,14,32,223,206,169,149,65,14,235,176,0
prefill,43,14,33,206,20,235,35,255,254,84,43,0
prefill,43,14,34,235,222,26,122,206,20,141,130,0
prefill,43,14,35,26,206,235,130,230,80,128,155,0
prefill,43,14,36,235,26,128,204,110,20,173,228,0
prefill,43,14,37,235,183,92,43,20,230,206,128,0
prefill,43,14,38,103,206,235,180,141,20,169,232,0
prefill,43,14,39,212,216,235,206,141,39,239,250,0
prefill,43,14,40,235,212,169,206,183,43,232,20,0
prefill,43,14,41,235,228,206,183,69,232,43,212,0
prefill,43,14,42,169,223,206,43,235,232,149,20,0
prefill,43,15,0,19,193,124,214,181,46,153,5,0
prefill,43,15,1,157,245,163,227,5,36,28,179,0
prefill,43,15,2,129,132,163,67,70,12,72,200,0
prefill,43,15,3,64,163,129,94,40,51,3,214,0
prefill,43,15,4,222,198,117,3,163,214,94,160,0
prefill,43,15,5,249,160,55,10,100,248,171,36,0
prefill,43,15,6,36,35,55,160,163,209,171,72,0
prefill,43,15,7,11,36,90,55,48,163,130,132,0
prefill,43,15,8,136,36,40,133,55,64,163,159,0
prefill,43,15,9,136,55,198,36,117,159,106,222,0
prefill,43,15,10,36,70,136,160,35,193,233,163,0
prefill,43,15,11,136,159,36,106,55,76,222,130,0
prefill,43,15,12,36,136,233,77,236,163,209,55,0
prefill,43,15,13,36,136,194,163,178,126,130,11,0
prefill,43,15,14,36,218,133,64,161,40,163,55,0
prefill,43,15,15,36,145,218,41,163,51,161,108,0
prefill,43,15,16,36,218,70,163,59,55,130,143,0
prefill,43,15,17,36,159,218,51,212,163,75,55,0
prefill,43,15,18,36,159,192,14,218,163,106,51,0
prefill,43,15,19,36,104,192,134,109,163,106,238,0
prefill,43,15,20,36,209,236,163,17,192,104,26,0
prefill,43,15,21,36,100,74,159,169,163,106,126,0
prefill,43,15,22,36,145,159,100,135,106,232,169,0
prefill,43,15,23,36,70,59,188,126,35,163,100,0
prefill,43,15,24,216,36,126,163,250,99,82,8,0
prefill,43,15,25,36,126,10,229,218,133,163,64,0
prefill,43,15,26,36,145,218,108,126,150,163,135,0
prefill,43,15,27,135,36,142,126,218,113,106,75,0
prefill,43,15,28,59,36,17,126,27,128,208,163,0
prefill,43,15,29,159,36,135,153,17,169,14,126,0
prefill,43,15,30,36,145,159,14,126,134,93,167,0
prefill,43,15,31,135,79,36,188,126,181,136,159,0
prefill,43,15,32,81,126,36,237,8,163,130,109,0
prefill,43,15,33,40,163,36,79,64,97,126,1,0
prefill,43,15,34,36,55,117,79,160,222,97,163,0
prefill,43,15,35,79,219,160,97,163,104,109,75,0
prefill,43,15,36,110,223,160,233,55,146,75,43,0
prefill,43,15,37,233,35,160,109,146,17,36,75,0
prefill,43,15,38,79,97,163,178,189,36,233,75,0
prefill,43,15,39,36,14,97,75,23,163,79,126,0
prefill,43,15,40,79,36,233,209,163,97,41,75,0
prefill,43,15,41,27,79,179,70,163,97,233,160,0
prefill,43,15,42,81,79,237,163,109,233,142,8,0
prefill,43,16,0,109,179,99,183,93,172,62,91,0
prefill,43,16,1,152,216,9,81,42,31,112,130,0
prefill,43,16,2,187,201,195,197,222,65,146,212,0
prefill,43,16,3,9,53,241,244,2,76,54,247,0
prefill,43,16,4,182,44,244,54,76,187,42,123,0
prefill,43,16,5,158,83,37,182,94,187,22,8,0
prefill,43,16,6,64,83,59,180,187,94,54,22,0
prefill,43,16,7,5,83,171,187,20,160,146,9,0
prefill,43,16,8,98,9,83,129,2,160,26,16,0
prefill,43,16,9,83,182,160,16,94,26,180,109,0
prefill,43,16,10,83,232,142,9,160,59,64,180,0
prefill,43,16,11,249,83,160,16,9,237,180,224,0
prefill,43,16,12,160,83,9,232,209,255,117,59,0
prefill,43,16,13,9,160,83,171,36,29,89,37,0
prefill,43,16,14,88,9,83,160,2,129,37,48,0
prefill,43,16,15,169,160,83,37,9,109,99,245,0
prefill,43,16,16,142,188,160,83,232,9,53,37,0
prefill,43,16,17,249,160,83,9,37,224,251,180,0
prefill,43,16,18,237,160,83,9,37,54,224,72,0
prefill,43,16,19,160,73,83,131,81,37,54,209,0
prefill,43,16,20,160,194,232,83,37,224,64,31,0
prefill,43,16,21,98,83,160,157,249,9,48,81,0
prefill,43,16,22,169,204,83,160,76,58,182,98,0
prefill,43,16,23,83,159,232,160,188,105,76,37,0
prefill,43,16,24,177,160,83,224,81,20,28,105,0
prefill,43,16,25,250,203,241,160,83,2,37,224,0
prefill,43,16,26,169,160,37,204,224,83,166,76,0
prefill,43,16,27,153,41,37,83,160,224,22,81,0
prefill,43,16,28,219,188,37,232,194,64,224,205,0
prefill,43,16,29,249,160,157,37,224,48,83,1,0
prefill,43,16,30,169,204,160,83,249,37,76,152,0
prefill,43,16,31,98,159,83,194,41,153,37,204,0
prefill,43,16,32,167,187,83,23,137,254,28,37,0
prefill,43,16,33,129,2,83,23,53,9,146,192,0
prefill,43,16,34,182,83,121,129,170,94,23,212,0
prefill,43,16,35,168,182,83,170,73,174,180,184,0
prefill,43,16,36,83,40,238,255,236,180,54,53,0
prefill,43,16,37,146,83,64,31,54,255,232,238,0
prefill,43,16,38,83,29,36,9,173,23,170,187,0
prefill,43,16,39,24,83,199,51,23,182,29,54,0
prefill,43,16,40,142,83,184,64,238,180,55,93,0
prefill,43,16,41,142,83,147,64,205,120,238,98,0
prefill,43,16,42,167,187,83,23,215,9,90,102,0
prefill,43,17,0,210,169,100,157,205,99,79,226,0
prefill,43,17,1,69,99,238,123,131,62,176,195,0
prefill,43,17,2,212,69,32,65,163,244,53,188,0
prefill,43,17,3,116,253,69,201,89,172,212,195,0
prefill,43,17,4,174,69,221,89,10,36,253,55,0
prefill,43,17,5,89,53,170,94,69,67,44,180,0
prefill,43,17,6,67,44,53,49,101,89,69,205,0
prefill,43,17,7,159,185,44,53,89,69,205,34,0
prefill,43,17,8,213,44,229,53,69,40,116,205,0
prefill,43,17,9,174,213,44,53,69,89,229,222,0
prefill,43,17,10,44,213,67,53,101,95,42,116,0
prefill,43,17,11,153,95,44,229,53,222,36,35,0
prefill,43,17,12,42,53,183,213,44,222,29,119,0
prefill,43,17,13,250,44,86,53,213,222,229,69,0
prefill,43,17,14,116,53,44,204,234,162,119,219,0
prefill,43,17,15,53,32,169,222,83,44,229,234,0
prefill,43,17,16,53,164,219,76,89,44,114,99,0
prefill,43,17,17,153,53,95,44,219,114,229,175,0
prefill,43,17,18,20,53,17,95,44,204,27,69,0
prefill,43,17,19,113,53,17,95,181,219,6,162,0
prefill,43,17,20,17,53,183,42,89,219,67,143,0
prefill,43,17,21,243,188,111,244,53,44,234,89,0
prefill,43,17,22,244,50,44,53,102,89,19,66,0
prefill,43,17,23,53,42,67,44,17,173,234,89,0
prefill,43,17,24,42,74,236,44,53,89,172,143,0
prefill,43,17,25,139,40,44,228,135,108,240,229,0
prefill,43,17,26,139,44,102,202,53,50,40,169,0
prefill,43,17,27,170,44,6,139,53,205,114,207,0
prefill,43,17,28,141,164,139,219,53,194,205,162,0
prefill,43,17,29,153,95,53,141,44,139,114,148,0
prefill,43,17,30,50,102,44,53,222,141,34,114,0
prefill,43,17,31,44,53,170,45,114,6,219,204,0
prefill,43,17,32,160,246,53,44,42,89,134,118,0
prefill,43,17,33,116,229,44,221,89,53,201,11,0
prefill,43,17,34,174,44,221,89,229,53,10,152,0
prefill,43,17,35,181,221,44,89,170,99,53,146,0
prefill,43,17,36,173,57,141,89,166,93,53,44,0
prefill,43,17,37,166,173,124,53,44,112,67,99,0
prefill,43,17,38,250,44,86,221,73,89,205,53,0
prefill,43,17,39,35,44,221,101,95,89,53,119,0
prefill,43,17,40,67,44,146,101,35,171,99,5,0
prefill,43,17,41,44,171,146,164,89,166,5,53,0
prefill,43,17,42,160,246,53,118,42,89,10,44,0
prefill,43,18,0,222,10,23,85,97,178,126,69,0
prefill,43,18,1,190,44,122,0,180,130,26,237,0
prefill,43,18,2,95,179,150,87,146,9,236,158,0
prefill,43,18,3,240,135,67,206,100,158,150,224,0
prefill,43,18,4,177,164,240,100,54,150,147,135,0
prefill,43,18,5,177,185,61,161,57,159,137,150,0
prefill,43,18,6,161,57,90,137,45,201,92,125,0
prefill,43,18,7,138,81,57,161,188,137,146,77,0
prefill,43,18,8,208,81,67,161,184,57,171,240,0
prefill,43,18,9,164,208,81,161,96,57,61,54,0
prefill,43,18,10,83,208,81,161,92,57,231,45,0
prefill,43,18,11,199,169,81,161,96,208,57,9,0
prefill,43,18,12,81,208,112,161,83,21,92,121,0
prefill,43,18,13,81,248,138,4,161,208,139,146,0
prefill,43,18,14,81,255,135,67,161,3,184,55,0
prefill,43,18,15,81,226,96,201,171,218,161,146,0
prefill,43,18,16,81,240,161,83,37,34,44,162,0
prefill,43,18,17,81,199,169,52,161,136,135,128,0
prefill,43,18,18,28,81,199,96,9,150,25,161,0
prefill,43,18,19,111,46,81,233,9,199,96,44,0
prefill,43,18,20,83,21,81,121,111,9,236,252,0
prefill,43,18,21,81,52,165,169,225,161,12,243,0
prefill,43,18,22,81,165,226,96,18,9,218,161,0
prefill,43,18,23,21,81,83,121,98,231,161,165,0
prefill,43,18,24,81,58,180,139,161,221,21,98,0
prefill,43,18,25,81,3,122,57,129,208,131,161,0
prefill,43,18,26,81,226,96,57,129,208,122,64,0
prefill,43,18,27,81,96,57,114,161,22,46,31,0
prefill,43,18,28,81,21,125,83,98,129,93,97,0
prefill,43,18,29,169,81,52,199,136,97,96,129,0
prefill,43,18,30,96,81,226,199,97,231,93,9,0
prefill,43,18,31,21,81,94,125,99,57,37,96,0
prefill,43,18,32,27,139,81,150,57,55,161,235,0
prefill,43,18,33,67,57,161,81,224,62,118,184,0
prefill,43,18,34,164,57,161,54,81,177,96,248,0
prefill,43,18,35,240,233,57,164,161,177,158,100,0
prefill,43,18,36,161,231,57,134,178,44,141,93,0
prefill,43,18,37,90,125,57,161,100,45,178,98,0
prefill,43,18,38,57,139,161,4,67,100,138,129,0
prefill,43,18,39,15,57,161,100,129,164,199,224,0
prefill,43,18,40,125,90,161,57,207,45,158,173,0
prefill,43,18,41,94,125,57,90,62,161,21,26,0
prefill,43,18,42,139,12,27,57,150,161,235,55,0
prefill,43,19,0,6,43,226,48,193,83,110,153,0
prefill,43,19,1,184,20,46,140,252,251,121,188,0
prefill,43,19,2,101,188,54,205,199,57,9,43,0
prefill,43,19,3,98,97,108,54,70,39,101,181,0
prefill,43,19,4,45,219,217,101,70,54,229,181,0
prefill,43,19,5,70,81,217,142,202,54,101,67,0
prefill,43,19,6,14,70,127,202,54,209,208,103,0
prefill,43,19,7,60,198,202,70,63,238,187,233,0
prefill,43,19,8,137,102,98,202,238,208,70,233,0
prefill,43,19,9,219,102,45,217,202,137,31,238,0
prefill,43,19,10,102,31,202,97,137,220,131,103,0
prefill,43,19,11,102,224,202,27,238,44,31,204,0
prefill,43,19,12,102,202,103,205,137,208,220,31,0
prefill,43,19,13,202,164,126,102,198,89,187,204,0
prefill,43,19,14,102,202,31,136,33,38,108,93,0
prefill,43,19,15,202,128,102,33,180,194,151,138,0
prefill,43,19,16,228,102,23,202,62,233,230,97,0
prefill,43,19,17,224,202,44,102,136,33,233,130,0
prefill,43,19,18,27,90,202,102,33,233,204,136,0
prefill,43,19,19,125,56,134,202,85,102,129,62,0
prefill,43,19,20,102,230,202,228,205,206,216,38,0
prefill,43,19,21,124,102,202,31,130,215,224,70,0
prefill,43,19,22,102,202,128,151,194,31,39,62,0
prefill,43,19,23,230,102,202,131,103,125,97,31,0
prefill,43,19,24,249,164,102,202,87,125,70,208,0
prefill,43,19,25,136,202,130,102,31,70,193,3,0
prefill,43,19,26,202,128,151,194,102,70,31,99,0
prefill,43,19,27,166,202,102,31,194,67,188,130,0
prefill,43,19,28,131,202,228,102,230,23,125,97,0
prefill,43,19,29,224,202,44,102,130,136,165,67,0
prefill,43,19,30,102,128,202,194,151,130,33,150,0
prefill,43,19,31,102,202,230,31,208,166,209,167,0
prefill,43,19,32,243,70,202,133,102,164,125,174,0
prefill,43,19,33,70,253,202,97,108,130,208,156,0
prefill,43,19,34,70,202,219,45,217,238,101,253,0
prefill,43,19,35,70,217,134,202,97,49,130,219,0
prefill,43,19,36,86,66,70,31,61,169,67,102,0
prefill,43,19,37,70,209,102,220,208,97,14,161,0
prefill,43,19,38,70,202,126,164,238,161,26,253,0
prefill,43,19,39,116,70,217,202,49,27,240,238,0
prefill,43,19,40,14,70,235,38,208,202,230,125,0
prefill,43,19,41,70,230,209,167,51,48,202,208,0
prefill,43,19,42,243,70,164,120,133,208,67,94,0
prefill,43,20,0,188,193,118,9,7,40,107,49,0
prefill,43,20,1,48,100,245,136,237,102,39,42,0
prefill,43,20,2,144,203,150,137,79,14,239,6,0
prefill,43,20,3,152,118,151,15,150,206,115,13,0
prefill,43,20,4,127,152,151,15,150,13,249,240,0
prefill,43,20,5,15,152,214,134,229,138,127,0,0
prefill,43,20,6,0,225,15,152,87,228,237,177,0
prefill,43,20,7,168,132,234,237,15,214,177,250,0
prefill,43,20,8,121,206,79,111,214,201,136,15,0
prefill,43,20,9,127,206,214,136,201,15,155,205,0
prefill,43,20,10,227,201,214,175,140,99,107,152,0
prefill,43,20,11,61,214,136,206,201,107,63,237,0
prefill,43,20,12,79,4,201,5,99,243,55,228,0
prefill,43,20,13,66,234,188,201,132,155,61,214,0
prefill,43,20,14,234,79,214,206,237,201,155,111,0
prefill,43,20,15,5,20,237,234,221,155,188,214,0
prefill,43,20,16,87,52,227,0,237,234,248,201,0
prefill,43,20,17,9,64,237,61,155,87,201,5,0
prefill,43,20,18,222,237,155,64,201,5,173,156,0
prefill,43,20,19,213,208,237,155,77,222,115,201,0
prefill,43,20,20,243,0,201,79,4,237,49,173,0
prefill,43,20,21,38,237,201,9,50,4,155,72,0
prefill,43,20,22,5,237,62,201,50,214,155,17,0
prefill,43,20,23,55,228,201,0,3,143,4,72,0
prefill,43,20,24,217,143,201,234,98,155,17,247,0
prefill,43,20,25,201,236,64,155,4,116,214,9,0
prefill,43,20,26,201,5,221,20,214,4,155,96,0
prefill,43,20,27,201,4,214,206,155,107,96,208,0
prefill,43,20,28,238,243,201,228,0,209,174,82,0
prefill,43,20,29,64,201,61,9,155,190,4,119,0
prefill,43,20,30,201,5,155,221,20,214,190,63,0
prefill,43,20,31,201,228,191,214,4,206,14,107,0
prefill,43,20,32,247,41,15,201,4,17,234,122,0
prefill,43,20,33,15,111,131,201,4,98,118,17,0
prefill,43,20,34,127,15,201,4,214,98,237,150,0
prefill,43,20,35,15,127,208,4,150,40,201,152,0
prefill,43,20,36,216,15,13,112,152,4,135,40,0
prefill,43,20,37,225,15,228,0,157,135,182,86,0
prefill,43,20,38,15,66,201,111,4,205,98,17,0
prefill,43,20,39,222,15,201,162,58,214,4,95,0
prefill,43,20,40,15,49,225,135,228,201,52,182,0
prefill,43,20,41,52,15,225,49,0,228,4,201,0
prefill,43,20,42,247,41,15,244,95,17,4,122,0
prefill,43,21,0,77,38,72,21,81,125,198,7,0
prefill,43,21,1,74,2,234,162,125,65,52,39,0
prefill,43,21,2,11,145,62,234,82,75,199,104,0
prefill,43,21,3,25,18,236,62,161,224,78,154,0
prefill,43,21,4,118,109,224,62,18,176,182,131,0
prefill,43,21,5,109,144,224,71,125,62,182,216,0
prefill,43,21,6,244,71,207,140,172,75,89,248,0
prefill,43,21,7,85,109,66,47,4,31,248,106,0
prefill,43,21,8,236,25,54,113,31,18,248,79,0
prefill,43,21,9,118,54,27,113,109,31,236,121,0
prefill,43,21,10,207,180,31,113,119,227,125,47,0
prefill,43,21,11,230,27,113,54,241,31,18,216,0
prefill,43,21,12,220,241,119,113,31,75,94,21,0
prefill,43,21,13,85,4,27,113,47,31,75,146,0
prefill,43,21,14,25,31,19,125,117,21,198,113,0
prefill,43,21,15,19,16,31,113,4,117,21,63,0
prefill,43,21,16,22,220,71,243,121,160,19,119,0
prefill,43,21,17,18,19,113,31,117,21,176,4,0
prefill,43,21,18,243,230,113,4,176,241,227,28,0
prefill,43,21,19,230,176,113,182,71,4,79,161,0
prefill,43,21,20,243,220,36,241,113,4,94,119,0
prefill,43,21,21,157,95,113,18,4,241,31,198,0
prefill,43,21,22,157,16,175,113,71,206,109,62,0
prefill,43,21,23,220,20,207,227,119,241,224,125,0
prefill,43,21,24,80,4,113,47,136,85,220,125,0
prefill,43,21,25,113,25,174,67,71,32,47,62,0
prefill,43,21,26,113,16,4,47,175,182,241,31,0
prefill,43,21,27,113,182,71,31,47,133,224,121,0
prefill,43,21,28,22,243,113,220,71,20,125,240,0
prefill,43,21,29,113,18,47,4,79,75,247,198,0
prefill,43,21,30,113,16,175,4,47,247,62,79,0
prefill,43,21,31,71,113,125,154,22,220,248,61,0
prefill,43,21,32,186,253,4,125,40,108,47,62,0
prefill,43,21,33,25,109,113,125,172,216,244,108,0
prefill,43,21,34,118,109,113,201,108,71,159,172,0
prefill,43,21,35,244,118,201,164,85,109,197,71,0
prefill,43,21,36,43,244,109,13,113,121,115,20,0
prefill,43,21,37,113,20,72,207,216,244,248,47,0
prefill,43,21,38,113,4,85,47,187,109,125,248,0
prefill,43,21,39,45,118,113,187,109,150,244,201,0
prefill,43,21,40,244,20,125,113,71,85,72,121,0
prefill,43,21,41,20,220,125,244,113,119,248,164,0
prefill,43,21,42,253,186,125,187,145,108,4,136,0
prefill,43,22,0,136,247,66,237,74,126,48,255,0
prefill,43,22,1,160,239,46,56,24,99,216,63,0
prefill,43,22,2,160,14,67,185,24,229,72,188,0
prefill,43,22,3,160,218,206,162,134,153,214,37,0
prefill,43,22,4,26,160,95,169,25,130,141,142,0
prefill,43,22,5,130,156,154,26,84,192,160,232,0
prefill,43,22,6,192,130,155,211,164,160,191,83,0
prefill,43,22,7,130,70,243,153,160,83,242,84,0
prefill,43,22,8,206,130,17,90,218,253,238,242,0
prefill,43,22,9,130,26,95,122,153,253,83,242,0
prefill,43,22,10,164,130,192,110,83,180,173,155,0
prefill,43,22,11,130,81,17,65,122,83,254,161,0
prefill,43,22,12,164,130,192,51,0,180,83,29,0
prefill,43,22,13,189,130,153,83,70,37,254,161,0
prefill,43,22,14,130,17,162,218,161,83,216,153,0
prefill,43,22,15,44,130,153,108,2,83,161,122,0
prefill,43,22,16,164,117,130,88,206,211,83,155,0
prefill,43,22,17,81,17,83,130,153,181,0,32,0
prefill,43,22,18,199,65,83,153,17,130,122,19,0
prefill,43,22,19,128,122,83,130,65,153,199,19,0
prefill,43,22,20,164,51,192,128,153,83,130,106,0
prefill,43,22,21,90,228,17,130,147,247,216,83,0
prefill,43,22,22,44,122,130,95,247,242,83,245,0
prefill,43,22,23,164,192,128,130,51,74,83,170,0
prefill,43,22,24,187,61,164,128,130,153,74,83,0
prefill,43,22,25,130,17,245,252,218,83,247,162,0
prefill,43,22,26,44,130,122,247,83,86,245,161,0
prefill,43,22,27,130,41,122,83,86,247,161,153,0
prefill,43,22,28,164,110,170,211,232,128,130,133,0
prefill,43,22,29,81,17,122,130,83,189,247,37,0
prefill,43,22,30,44,122,130,95,83,247,65,86,0
prefill,43,22,31,130,164,242,122,110,232,83,128,0
prefill,43,22,32,153,172,105,130,144,185,84,29,0
prefill,43,22,33,130,153,218,84,162,96,83,37,0
prefill,43,22,34,130,26,95,153,83,213,122,72,0
prefill,43,22,35,130,41,26,153,95,91,76,122,0
prefill,43,22,36,182,130,100,173,234,8,250,69,0
prefill,43,22,37,130,164,192,211,250,106,153,40,0
prefill,43,22,38,130,189,153,84,70,73,83,199,0
prefill,43,22,39,130,12,153,76,164,122,128,65,0
prefill,43,22,40,164,130,40,110,192,74,232,122,0
prefill,43,22,41,164,130,250,74,120,192,211,170,0
prefill,43,22,42,172,130,153,105,144,160,185,29,0
prefill,43,23,0,37,213,166,170,68,156,38,177,0
prefill,43,23,1,115,138,172,7,24,35,200,137,0
prefill,43,23,2,187,40,141,37,209,174,58,98,0
prefill,43,23,3,202,187,34,207,37,120,197,64,0
prefill,43,23,4,168,89,135,197,153,37,186,187,0
prefill,43,23,5,153,227,197,89,41,37,135,168,0
prefill,43,23,6,227,187,153,241,207,44,37,10,0
prefill,43,23,7,102,28,214,119,92,207,37,79,0
prefill,43,23,8,202,119,52,111,187,2,207,186,0
prefill,43,23,9,168,52,119,89,79,238,2,80,0
prefill,43,23,10,227,52,119,187,241,125,44,40,0
prefill,43,23,11,111,52,119,80,79,40,238,64,0
prefill,43,23,12,44,58,125,241,119,238,79,52,0
prefill,43,23,13,92,102,119,214,202,52,238,37,0
prefill,43,23,14,119,202,207,187,111,4,60,234,0
prefill,43,23,15,75,79,119,244,238,165,234,111,0
prefill,43,23,16,230,119,187,44,37,79,241,133,0
prefill,43,23,17,111,119,238,79,20,181,186,16,0
prefill,43,23,18,111,182,238,119,79,160,187,117,0
prefill,43,23,19,236,111,238,119,79,42,150,64,0
prefill,43,23,20,58,119,37,44,28,187,66,62,0
prefill,43,23,21,136,20,119,79,249,238,111,187,0
prefill,43,23,22,244,112,75,119,238,89,79,135,0
prefill,43,23,23,139,187,44,37,119,211,153,224,0
prefill,43,23,24,211,119,92,37,102,79,187,186,0
prefill,43,23,25,119,22,238,20,175,111,8,79,0
prefill,43,23,26,75,119,238,22,153,79,111,244,0
prefill,43,23,27,119,79,205,22,238,153,55,52,0
prefill,43,23,28,44,241,187,119,139,52,210,172,0
prefill,43,23,29,119,111,181,238,79,20,199,186,0
prefill,43,23,30,75,119,111,199,238,79,244,89,0
prefill,43,23,31,44,119,230,52,79,181,238,186,0
prefill,43,23,32,187,158,37,92,81,119,79,133,0
prefill,43,23,33,202,153,92,119,187,89,181,207,0
prefill,43,23,34,168,89,92,153,79,187,119,181,0
prefill,43,23,35,89,236,227,153,197,79,187,181,0
prefill,43,23,36,227,156,201,220,184,41,55,153,0
prefill,43,23,37,44,227,187,153,166,155,62,40,0
prefill,43,23,38,92,89,202,187,102,153,119,131,0
prefill,43,23,39,89,205,79,92,153,116,187,119,0
prefill,43,23,40,44,153,227,89,187,203,62,150,0
prefill,43,23,41,44,187,153,139,227,203,92,118,0
prefill,43,23,42,187,158,37,38,133,81,40,186,0
prefill,43,24,0,235,85,250,194,171,84,98,138,0
prefill,43,24,1,118,105,129,123,11,221,196,158,0
prefill,43,24,2,148,153,105,96,50,8,201,62,0
prefill,43,24,3,56,191,186,243,84,209,20,15,0
prefill,43,24,4,191,178,20,229,236,235,108,96,0
prefill,43,24,5,20,236,119,135,98,154,235,231,0
prefill,43,24,6,20,166,236,230,98,214,156,171,0
prefill,43,24,7,34,156,136,192,20,77,64,15,0
prefill,43,24,8,236,243,56,20,15,136,73,213,0
prefill,43,24,9,236,178,20,136,163,60,15,32,0
prefill,43,24,10,236,55,88,181,72,165,20,230,0
prefill,43,24,11,236,79,32,20,229,181,89,136,0
prefill,43,24,12,137,236,55,165,230,34,221,136,0
prefill,43,24,13,34,136,63,156,236,20,192,230,0
prefill,43,24,14,56,236,196,136,97,239,176,181,0
prefill,43,24,15,236,45,163,136,230,181,178,87,0
prefill,43,24,16,188,182,236,82,96,98,101,165,0
prefill,43,24,17,236,213,15,56,181,79,237,163,0
prefill,43,24,18,236,62,79,15,24,235,181,95,0
prefill,43,24,19,236,75,220,79,181,73,178,165,0
prefill,43,24,20,137,82,236,235,105,188,221,70,0
prefill,43,24,21,254,236,213,237,154,230,56,20,0
prefill,43,24,22,236,45,117,181,20,163,242,136,0
prefill,43,24,23,70,236,221,7,82,132,98,14,0
prefill,43,24,24,199,136,156,166,236,221,90,20,0
prefill,43,24,25,56,236,33,20,154,163,136,196,0
prefill,43,24,26,236,163,45,65,20,87,136,154,0
prefill,43,24,27,236,65,20,163,105,154,114,136,0
prefill,43,24,28,188,236,105,5,98,115,101,165,0
prefill,43,24,29,236,237,181,20,18,213,163,154,0
prefill,43,24,30,236,181,45,163,20,117,154,239,0
prefill,43,24,31,236,105,188,20,101,117,181,221,0
prefill,43,24,32,136,156,37,71,234,20,78,148,0
prefill,43,24,33,20,56,156,191,236,253,136,18,0
prefill,43,24,34,20,178,156,136,236,191,118,19,0
prefill,43,24,35,191,20,236,156,96,106,109,136,0
prefill,43,24,36,113,236,191,88,20,35,31,80,0
prefill,43,24,37,55,191,236,20,7,105,98,221,0
prefill,43,24,38,156,20,63,136,49,191,0,19,0
prefill,43,24,39,20,103,156,174,191,236,136,18,0
prefill,43,24,40,20,156,236,55,191,88,54,105,0
prefill,43,24,41,20,5,156,55,236,221,7,54,0
prefill,43,24,42,136,37,118,78,148,234,156,186,0
prefill,43,25,0,186,33,9,191,19,149,247,57,0
prefill,43,25,1,63,229,203,189,67,4,249,143,0
prefill,43,25,2,203,113,219,229,48,51,194,20,0
prefill,43,25,3,13,59,102,47,155,72,180,84,0
prefill,43,25,4,73,59,155,47,102,210,127,63,0
prefill,43,25,5,70,155,73,252,234,61,164,44,0
prefill,43,25,6,173,209,140,164,107,44,116,252,0
prefill,43,25,7,116,185,44,103,226,187,154,61,0
prefill,43,25,8,13,31,252,103,24,124,57,55,0
prefill,43,25,9,252,73,31,103,55,44,210,65,0
prefill,43,25,10,150,41,252,234,209,207,55,116,0
prefill,43,25,11,252,31,103,44,65,164,61,77,0
prefill,43,25,12,51,103,207,116,41,209,203,76,0
prefill,43,25,13,116,103,185,44,252,207,181,93,0
prefill,43,25,14,45,252,103,204,107,31,44,13,0
prefill,43,25,15,107,103,192,116,31,252,74,61,0
prefill,43,25,16,150,21,103,42,107,29,136,252,0
prefill,43,25,17,103,107,77,116,31,252,61,217,0
prefill,43,25,18,103,250,65,107,116,31,88,217,0
prefill,43,25,19,103,65,110,140,252,217,141,250,0
prefill,43,25,20,103,51,21,42,116,203,153,207,0
prefill,43,25,21,77,103,252,65,133,26,116,47,0
prefill,43,25,22,192,103,20,107,31,65,252,164,0
prefill,43,25,23,42,203,103,21,240,116,207,209,0
prefill,43,25,24,116,122,103,139,252,207,29,164,0
prefill,43,25,25,103,31,26,155,252,107,116,35,0
prefill,43,25,26,103,192,107,31,252,26,237,251,0
prefill,43,25,27,103,252,31,26,192,251,107,65,0
prefill,43,25,28,42,150,21,136,240,56,234,5,0
prefill,43,25,29,103,31,116,77,252,65,93,158,0
prefill,43,25,30,103,192,31,252,209,65,107,237,0
prefill,43,25,31,21,103,42,252,136,240,31,234,0
prefill,43,25,32,2,116,215,130,155,252,240,103,0
prefill,43,25,33,155,24,252,63,35,82,164,31,0
prefill,43,25,34,73,155,252,209,210,148,82,70,0
prefill,43,25,35,73,120,155,63,252,35,29,72,0
prefill,43,25,36,234,252,55,242,171,110,146,29,0
prefill,43,25,37,42,234,198,179,155,209,193,206,0
prefill,43,25,38,155,24,116,148,252,26,82,164,0
prefill,43,25,39,250,158,155,252,73,70,31,148,0
prefill,43,25,40,42,155,164,234,240,55,5,95,0
prefill,43,25,41,42,155,164,21,95,5,234,209,0
prefill,43,25,42,2,130,215,245,42,164,238,155,0
prefill,4,1,0,245,162,136,133,112,188,116,109,43
prefill,4,1,1,133,245,116,19,141,145,243,63,43
prefill,4,1,2,2,80,242,133,156,6,245,140,43
prefill,4,1,3,213,133,218,99,250,206,19,91,43
prefill,4,2,0,61,238,222,163,129,16,50,45,43
prefill,4,2,1,61,6,12,116,222,180,107,255,43
prefill,4,2,2,252,61,116,238,129,221,200,19,43
prefill,4,2,3,19,61,181,252,108,238,4,130,43
prefill,4,3,0,185,176,25,139,170,181,86,66,43
prefill,4,3,1,42,85,84,4,21,133,94,2,43
prefill,4,3,2,132,151,201,4,185,33,252,202,43
prefill,4,3,3,132,180,201,220,212,4,176,108,43
prefill,4,4,0,172,111,53,202,165,245,182,123,43
prefill,4,4,1,111,161,57,85,48,245,36,4,43
prefill,4,4,2,111,124,182,53,165,202,99,222,43
prefill,4,4,3,111,124,182,23,202,165,226,227,43
prefill,4,5,0,148,230,155,40,197,194,250,85,43
prefill,4,5,1,148,117,104,184,211,123,11,144,43
prefill,4,5,2,250,155,33,140,40,23,148,197,43
prefill,4,5,3,250,155,137,148,222,129,23,33,43
prefill,4,6,0,220,173,108,47,33,145,154,193,43
prefill,4,6,1,81,151,145,140,35,186,207,182,43
prefill,4,6,2,193,210,70,108,173,30,157,1,43
prefill,4,6,3,193,108,38,70,210,94,139,57,43
prefill,4,7,0,98,220,176,189,117,151,232,137,43
prefill,4,7,1,106,137,117,176,210,195,197,185,43
prefill,4,7,2,176,189,220,194,175,151,232,101,43
prefill,4,7,3,175,189,220,176,194,101,164,80,43
prefill,4,8,0,92,144,111,217,98,242,61,202,43
prefill,4,8,1,31,19,163,122,217,181,153,54,43
prefill,4,8,2,61,155,98,136,92,111,217,144,43
prefill,4,8,3,61,92,217,98,83,79,17,121,43
prefill,4,9,0,229,99,187,124,199,73,161,55,43
prefill,4,9,1,192,141,73,235,123,226,38,161,43
prefill,4,9,2,187,155,37,161,229,235,56,147,43
prefill,4,9,3,187,147,235,99,73,155,37,88,43
prefill,4,10,0,98,208,88,0,195,213,127,41,43
prefill,4,10,1,126,215,122,95,41,1,0,120,43
prefill,4,10,2,98,0,106,88,208,95,161,17,43
prefill,4,10,3,0,98,41,95,123,114,233,156,43
prefill,4,11,0,15,8,144,19,78,194,75,249,43
prefill,4,11,1,34,127,8,198,9,52,107,185,43
prefill,4,11,2,144,15,8,78,178,41,185,188,43
prefill,4,11,3,15,8,78,144,19,225,136,194,43
prefill,4,12,0,241,185,5,116,128,157,132,255,43
prefill,4,12,1,166,139,222,83,114,72,123,48,43
prefill,4,12,2,185,241,5,128,116,199,34,59,43
prefill,4,12,3,5,241,185,116,140,83,199,59,43
prefill,4,13,0,11,155,212,121,231,24,15,153,43
prefill,4,13,1,205,98,77,121,226,255,179,171,43
prefill,4,13,2,155,121,212,231,52,30,170,153,43
prefill,4,13,3,121,155,231,21,212,171,30,205,43
prefill,4,14,0,169,221,80,239,77,206,151,43,43
prefill,4,14,1,235,188,30,159,156,169,6,69,43
prefill,4,14,2,80,169,77,125,221,206,235,84,43
prefill,4,14,3,169,77,235,221,206,227,20,133,43
prefill,4,15,0,12,109,132,181,43,141,147,122,43
prefill,4,15,1,36,121,93,222,126,82,218,110,43
prefill,4,15,2,132,129,12,109,79,193,8,240,43
prefill,4,15,3,132,129,222,8,114,193,109,36,43
prefill,4,16,0,102,215,187,227,251,242,23,31,43
prefill,4,16,1,83,117,160,171,17,66,112,1,43
prefill,4,16,2,187,215,238,207,83,9,242,180,43
prefill,4,16,3,215,83,187,52,238,180,207,9,43
prefill,4,17,0,123,107,10,189,212,245,15,91,43
prefill,4,17,1,44,222,243,89,174,43,242,232,43
prefill,4,17,2,118,93,172,89,5,32,212,123,43
prefill,4,17,3,118,7,53,172,89,32,242,224,43
prefill,4,18,0,34,179,150,187,12,113,72,137,43
prefill,4,18,1,81,161,82,139,140,57,248,162,43
prefill,4,18,2,150,220,161,158,55,179,12,155,43
prefill,4,18,3,161,220,57,150,127,168,179,32,43
prefill,4,19,0,169,54,101,216,120,188,43,241,43
prefill,4,19,1,202,31,70,67,33,253,10,96,43
prefill,4,19,2,54,237,101,70,191,199,161,238,43
prefill,4,19,3,237,70,191,94,101,22,202,199,43
prefill,4,20,0,150,95,174,144,60,86,218,40,43
prefill,4,20,1,201,214,234,247,131,5,237,43,43
prefill,4,20,2,144,164,15,95,247,4,107,150,43
prefill,4,20,3,164,247,15,144,95,58,4,17,43
prefill,4,21,0,234,62,145,241,253,224,115,154,43
prefill,4,21,1,4,98,109,99,140,113,220,9,43
prefill,4,21,2,138,253,244,116,21,187,145,248,43
prefill,4,21,3,253,116,138,24,149,244,226,108,43
prefill,4,22,0,115,160,8,214,134,182,153,62,43
prefill,4,22,1,130,83,224,128,25,187,11,105,43
prefill,4,22,2,160,14,153,144,29,130,214,166,43
prefill,4,22,3,14,130,160,144,29,153,56,175,43
prefill,4,23,0,38,252,174,170,156,40,186,34,43
prefill,4,23,1,92,79,199,153,16,128,119,234,43
prefill,4,23,2,141,38,114,187,207,65,172,133,43
prefill,4,23,3,141,187,114,98,190,143,40,207,43
prefill,4,24,0,78,153,58,105,231,214,164,64,43
prefill,4,24,1,230,20,18,207,154,158,121,240,43
prefill,4,24,2,153,148,154,97,37,58,106,31,43
prefill,4,24,3,148,153,201,158,37,99,151,96,43
prefill,4,25,0,102,163,113,142,180,93,191,105,43
prefill,4,25,1,148,61,245,87,12,159,66,209,43
prefill,4,25,2,113,102,56,130,215,20,181,32,43
prefill,4,25,3,20,113,38,130,215,56,47,124,43
prefill,4,26,0,87,133,50,56,89,168,102,173,43
decode,1,1,0,74,190,214,84,206,99,133,223,47
decode,1,2,0,190,121,238,221,61,116,71,36,47
decode,1,3,0,118,252,87,201,4,132,185,253,47
decode,1,4,0,111,202,173,53,124,28,182,123,47
decode,1,5,0,129,40,140,239,250,193,230,148,47
decode,1,6,0,173,193,94,57,6,195,157,70,47
decode,1,7,0,24,176,189,76,232,175,220,101,47
decode,1,8,0,98,61,79,92,242,83,220,121,47
decode,1,9,0,37,187,73,137,151,57,160,147,47
decode,1,10,0,0,98,123,119,105,74,95,28,47
decode,1,11,0,126,15,8,35,144,230,225,248,47
decode,1,12,0,209,140,244,34,158,128,255,87,47
decode,1,13,0,11,121,155,171,173,244,205,64,47
decode,1,14,0,169,235,80,227,46,20,194,151,47
decode,1,15,0,109,122,63,132,222,55,241,181,47
decode,1,16,0,83,187,94,147,242,197,116,243,47
decode,1,17,0,123,8,226,53,125,212,89,99,47
decode,1,18,0,161,163,14,57,87,12,9,234,47
decode,1,19,0,70,101,199,94,31,54,227,141,47
decode,1,20,0,15,174,23,95,58,107,14,4,47
decode,1,21,0,253,205,244,179,82,109,199,248,47
decode,1,22,0,130,170,153,97,160,29,84,213,47
decode,1,23,0,166,229,87,141,187,107,197,201,47
decode,1,24,0,158,20,8,80,105,205,153,15,47
decode,1,25,0,32,96,55,252,77,93,38,163,47
decode,1,26,0,169,168,87,47,188,126,122,37,47
