step,il,cap_slots,used_slots,occupied_bytes,up_bytes,gate_bytes,down_bytes
0,1,58,0,0,0,0,0
0,2,58,16,266194944,1327104,1327104,1935360
0,3,58,15,266194944,1327104,1327104,1935360
0,4,58,16,230916096,1327104,1327104,1327104
0,5,58,16,230916096,1327104,1327104,1327104
0,6,58,16,266194944,1327104,1327104,1935360
0,7,58,15,230916096,1327104,1327104,1327104
0,8,58,16,230916096,1327104,1327104,1327104
0,9,58,15,266194944,1327104,1327104,1935360
0,10,58,16,230916096,1327104,1327104,1327104
0,11,58,15,230916096,1327104,1327104,1327104
0,12,58,16,266194944,1327104,1327104,1935360
0,13,58,15,230916096,1327104,1327104,1327104
0,14,58,16,230916096,1327104,1327104,1327104
0,15,58,15,266194944,1327104,1327104,1935360
0,16,58,16,230916096,1327104,1327104,1327104
0,17,58,16,230916096,1327104,1327104,1327104
0,18,58,15,266194944,1327104,1327104,1935360
0,19,58,16,230916096,1327104,1327104,1327104
0,20,58,16,230916096,1327104,1327104,1327104
0,21,58,16,266194944,1327104,1327104,1935360
0,22,57,16,226934784,1327104,1327104,1327104
0,23,57,15,261605376,1327104,1327104,1935360
0,24,57,16,261605376,1327104,1327104,1935360
0,25,57,16,261605376,1327104,1327104,1935360
0,26,57,8,261605376,1327104,1327104,1935360
1,1,58,12,266194944,1327104,1327104,1935360
1,2,58,29,266194944,1327104,1327104,1935360
1,3,58,28,266194944,1327104,1327104,1935360
1,4,58,30,230916096,1327104,1327104,1327104
1,5,58,28,230916096,1327104,1327104,1327104
1,6,58,28,266194944,1327104,1327104,1935360
1,7,58,31,230916096,1327104,1327104,1327104
1,8,58,28,230916096,1327104,1327104,1327104
1,9,58,28,266194944,1327104,1327104,1935360
1,10,58,28,230916096,1327104,1327104,1327104
1,11,58,29,230916096,1327104,1327104,1327104
1,12,58,30,266194944,1327104,1327104,1935360
1,13,58,28,230916096,1327104,1327104,1327104
1,14,58,30,230916096,1327104,1327104,1327104
1,15,58,28,266194944,1327104,1327104,1935360
1,16,58,30,230916096,1327104,1327104,1327104
1,17,58,29,230916096,1327104,1327104,1327104
1,18,58,30,266194944,1327104,1327104,1935360
1,19,58,30,230916096,1327104,1327104,1327104
1,20,58,30,230916096,1327104,1327104,1327104
1,21,58,26,266194944,1327104,1327104,1935360
1,22,57,27,226934784,1327104,1327104,1327104
1,23,57,28,261605376,1327104,1327104,1935360
1,24,57,27,261605376,1327104,1327104,1935360
1,25,57,30,261605376,1327104,1327104,1935360
1,26,57,16,261605376,1327104,1327104,1935360
2,1,58,12,266194944,1327104,1327104,1935360
2,2,58,29,266194944,1327104,1327104,1935360
2,3,58,28,266194944,1327104,1327104,1935360
2,4,58,30,230916096,1327104,1327104,1327104
2,5,58,28,230916096,1327104,1327104,1327104
2,6,58,28,266194944,1327104,1327104,1935360
2,7,58,31,230916096,1327104,1327104,1327104
2,8,58,28,230916096,1327104,1327104,1327104
2,9,58,28,266194944,1327104,1327104,1935360
2,10,58,28,230916096,1327104,1327104,1327104
2,11,58,29,230916096,1327104,1327104,1327104
2,12,58,30,266194944,1327104,1327104,1935360
2,13,58,28,230916096,1327104,1327104,1327104
2,14,58,30,230916096,1327104,1327104,1327104
2,15,58,28,266194944,1327104,1327104,1935360
2,16,58,30,230916096,1327104,1327104,1327104
2,17,58,29,230916096,1327104,1327104,1327104
2,18,58,30,266194944,1327104,1327104,1935360
2,19,58,30,230916096,1327104,1327104,1327104
2,20,58,30,230916096,1327104,1327104,1327104
2,21,58,26,266194944,1327104,1327104,1935360
2,22,57,27,226934784,1327104,1327104,1327104
2,23,57,28,261605376,1327104,1327104,1935360
2,24,57,27,261605376,1327104,1327104,1935360
2,25,57,30,261605376,1327104,1327104,1935360
2,26,57,16,261605376,1327104,1327104,1935360
3,1,58,35,266194944,1327104,1327104,1935360
3,2,58,49,266194944,1327104,1327104,1935360
3,3,58,49,266194944,1327104,1327104,1935360
3,4,58,44,230916096,1327104,1327104,1327104
3,5,58,46,230916096,1327104,1327104,1327104
3,6,58,51,266194944,1327104,1327104,1935360
3,7,58,47,230916096,1327104,1327104,1327104
3,8,58,47,230916096,1327104,1327104,1327104
3,9,58,46,266194944,1327104,1327104,1935360
3,10,58,46,230916096,1327104,1327104,1327104
3,11,58,44,230916096,1327104,1327104,1327104
3,12,58,46,266194944,1327104,1327104,1935360
3,13,58,43,230916096,1327104,1327104,1327104
3,14,58,46,230916096,1327104,1327104,1327104
3,15,58,47,266194944,1327104,1327104,1935360
3,16,58,48,230916096,1327104,1327104,1327104
3,17,58,47,230916096,1327104,1327104,1327104
3,18,58,47,266194944,1327104,1327104,1935360
3,19,58,46,230916096,1327104,1327104,1327104
3,20,58,50,230916096,1327104,1327104,1327104
3,21,58,46,266194944,1327104,1327104,1935360
3,22,57,42,226934784,1327104,1327104,1327104
3,23,57,46,261605376,1327104,1327104,1935360
3,24,57,44,261605376,1327104,1327104,1935360
3,25,57,49,261605376,1327104,1327104,1935360
3,26,57,22,261605376,1327104,1327104,1935360
4,1,58,40,266194944,1327104,1327104,1935360
4,2,58,53,266194944,1327104,1327104,1935360
4,3,58,52,266194944,1327104,1327104,1935360
4,4,58,46,230916096,1327104,1327104,1327104
4,5,58,48,230916096,1327104,1327104,1327104
4,6,58,53,266194944,1327104,1327104,1935360
4,7,58,49,230916096,1327104,1327104,1327104
4,8,58,47,230916096,1327104,1327104,1327104
4,9,58,49,266194944,1327104,1327104,1935360
4,10,58,48,230916096,1327104,1327104,1327104
4,11,58,47,230916096,1327104,1327104,1327104
4,12,58,49,266194944,1327104,1327104,1935360
4,13,58,45,230916096,1327104,1327104,1327104
4,14,58,48,230916096,1327104,1327104,1327104
4,15,58,48,266194944,1327104,1327104,1935360
4,16,58,53,230916096,1327104,1327104,1327104
4,17,58,49,230916096,1327104,1327104,1327104
4,18,58,50,266194944,1327104,1327104,1935360
4,19,58,48,230916096,1327104,1327104,1327104
4,20,58,52,230916096,1327104,1327104,1327104
4,21,58,48,266194944,1327104,1327104,1935360
4,22,57,45,226934784,1327104,1327104,1327104
4,23,57,52,261605376,1327104,1327104,1935360
4,24,57,48,261605376,1327104,1327104,1935360
4,25,57,52,261605376,1327104,1327104,1935360
4,26,57,27,261605376,1327104,1327104,1935360
5,1,58,42,266194944,1327104,1327104,1935360
5,2,58,53,266194944,1327104,1327104,1935360
5,3,58,55,266194944,1327104,1327104,1935360
5,4,58,47,230916096,1327104,1327104,1327104
5,5,58,52,230916096,1327104,1327104,1327104
5,6,58,57,266194944,1327104,1327104,1935360
5,7,58,51,230916096,1327104,1327104,1327104
5,8,58,48,230916096,1327104,1327104,1327104
5,9,58,51,266194944,1327104,1327104,1935360
5,10,58,51,230916096,1327104,1327104,1327104
5,11,58,47,230916096,1327104,1327104,1327104
5,12,58,52,266194944,1327104,1327104,1935360
5,13,58,46,230916096,1327104,1327104,1327104
5,14,58,49,230916096,1327104,1327104,1327104
5,15,58,51,266194944,1327104,1327104,1935360
5,16,58,53,230916096,1327104,1327104,1327104
5,17,58,50,230916096,1327104,1327104,1327104
5,18,58,50,266194944,1327104,1327104,1935360
5,19,58,50,230916096,1327104,1327104,1327104
5,20,58,54,230916096,1327104,1327104,1327104
5,21,58,50,266194944,1327104,1327104,1935360
5,22,57,49,226934784,1327104,1327104,1327104
5,23,57,54,261605376,1327104,1327104,1935360
5,24,57,52,261605376,1327104,1327104,1935360
5,25,57,55,261605376,1327104,1327104,1935360
5,26,57,30,261605376,1327104,1327104,1935360
6,1,58,46,266194944,1327104,1327104,1935360
6,2,58,54,266194944,1327104,1327104,1935360
6,3,58,57,266194944,1327104,1327104,1935360
6,4,58,50,230916096,1327104,1327104,1327104
6,5,58,53,230916096,1327104,1327104,1327104
6,6,58,58,266194944,1327104,1327104,1935360
6,7,58,55,230916096,1327104,1327104,1327104
6,8,58,51,230916096,1327104,1327104,1327104
6,9,58,52,266194944,1327104,1327104,1935360
6,10,58,53,230916096,1327104,1327104,1327104
6,11,58,49,230916096,1327104,1327104,1327104
6,12,58,54,266194944,1327104,1327104,1935360
6,13,58,47,230916096,1327104,1327104,1327104
6,14,58,51,230916096,1327104,1327104,1327104
6,15,58,52,266194944,1327104,1327104,1935360
6,16,58,55,230916096,1327104,1327104,1327104
6,17,58,50,230916096,1327104,1327104,1327104
6,18,58,51,266194944,1327104,1327104,1935360
6,19,58,52,230916096,1327104,1327104,1327104
6,20,58,55,230916096,1327104,1327104,1327104
6,21,58,51,266194944,1327104,1327104,1935360
6,22,57,51,226934784,1327104,1327104,1327104
6,23,57,56,261605376,1327104,1327104,1935360
6,24,57,53,261605376,1327104,1327104,1935360
6,25,57,56,261605376,1327104,1327104,1935360
6,26,57,32,261605376,1327104,1327104,1935360
7,1,58,49,266194944,1327104,1327104,1935360
7,2,58,58,266194944,1327104,1327104,1935360
7,3,58,58,266194944,1327104,1327104,1935360
7,4,58,51,230916096,1327104,1327104,1327104
7,5,58,56,230916096,1327104,1327104,1327104
7,6,58,58,266194944,1327104,1327104,1935360
7,7,58,56,230916096,1327104,1327104,1327104
7,8,58,52,230916096,1327104,1327104,1327104
7,9,58,53,266194944,1327104,1327104,1935360
7,10,58,55,230916096,1327104,1327104,1327104
7,11,58,50,230916096,1327104,1327104,1327104
7,12,58,58,266194944,1327104,1327104,1935360
7,13,58,51,230916096,1327104,1327104,1327104
7,14,58,57,230916096,1327104,1327104,1327104
7,15,58,56,266194944,1327104,1327104,1935360
7,16,58,56,230916096,1327104,1327104,1327104
7,17,58,56,230916096,1327104,1327104,1327104
7,18,58,55,266194944,1327104,1327104,1935360
7,19,58,55,230916096,1327104,1327104,1327104
7,20,58,58,230916096,1327104,1327104,1327104
7,21,58,56,266194944,1327104,1327104,1935360
7,22,57,55,226934784,1327104,1327104,1327104
7,23,57,57,261605376,1327104,1327104,1935360
7,24,57,57,261605376,1327104,1327104,1935360
7,25,57,57,261605376,1327104,1327104,1935360
7,26,57,39,261605376,1327104,1327104,1935360
8,1,58,52,266194944,1327104,1327104,1935360
8,2,58,58,266194944,1327104,1327104,1935360
8,3,58,58,266194944,1327104,1327104,1935360
8,4,58,55,230916096,1327104,1327104,1327104
8,5,58,58,230916096,1327104,1327104,1327104
8,6,58,58,266194944,1327104,1327104,1935360
8,7,58,58,230916096,1327104,1327104,1327104
8,8,58,56,230916096,1327104,1327104,1327104
8,9,58,53,266194944,1327104,1327104,1935360
8,10,58,58,230916096,1327104,1327104,1327104
8,11,58,53,230916096,1327104,1327104,1327104
8,12,58,58,266194944,1327104,1327104,1935360
8,13,58,54,230916096,1327104,1327104,1327104
8,14,58,58,230916096,1327104,1327104,1327104
8,15,58,58,266194944,1327104,1327104,1935360
8,16,58,58,230916096,1327104,1327104,1327104
8,17,58,58,230916096,1327104,1327104,1327104
8,18,58,58,266194944,1327104,1327104,1935360
8,19,58,58,230916096,1327104,1327104,1327104
8,20,58,58,230916096,1327104,1327104,1327104
8,21,58,58,266194944,1327104,1327104,1935360
8,22,57,57,226934784,1327104,1327104,1327104
8,23,57,57,261605376,1327104,1327104,1935360
8,24,57,57,261605376,1327104,1327104,1935360
8,25,57,57,261605376,1327104,1327104,1935360
8,26,57,45,261605376,1327104,1327104,1935360
9,1,58,56,266194944,1327104,1327104,1935360
9,2,58,58,266194944,1327104,1327104,1935360
9,3,58,58,266194944,1327104,1327104,1935360
9,4,58,58,230916096,1327104,1327104,1327104
9,5,58,58,230916096,1327104,1327104,1327104
9,6,58,58,266194944,1327104,1327104,1935360
9,7,58,58,230916096,1327104,1327104,1327104
9,8,58,58,230916096,1327104,1327104,1327104
9,9,58,58,266194944,1327104,1327104,1935360
9,10,58,58,230916096,1327104,1327104,1327104
9,11,58,55,230916096,1327104,1327104,1327104
9,12,58,58,266194944,1327104,1327104,1935360
9,13,58,57,230916096,1327104,1327104,1327104
9,14,58,58,230916096,1327104,1327104,1327104
9,15,58,58,266194944,1327104,1327104,1935360
9,16,58,58,230916096,1327104,1327104,1327104
9,17,58,58,230916096,1327104,1327104,1327104
9,18,58,58,266194944,1327104,1327104,1935360
9,19,58,58,230916096,1327104,1327104,1327104
9,20,58,58,230916096,1327104,1327104,1327104
9,21,58,58,266194944,1327104,1327104,1935360
9,22,57,57,226934784,1327104,1327104,1327104
9,23,57,57,261605376,1327104,1327104,1935360
9,24,57,57,261605376,1327104,1327104,1935360
9,25,57,57,261605376,1327104,1327104,1935360
9,26,57,47,261605376,1327104,1327104,1935360
10,1,58,58,266194944,1327104,1327104,1935360
10,2,58,58,266194944,1327104,1327104,1935360
10,3,58,58,266194944,1327104,1327104,1935360
10,4,58,58,230916096,1327104,1327104,1327104
10,5,58,58,230916096,1327104,1327104,1327104
10,6,58,58,266194944,1327104,1327104,1935360
10,7,58,58,230916096,1327104,1327104,1327104
10,8,58,58,230916096,1327104,1327104,1327104
10,9,58,58,266194944,1327104,1327104,1935360
10,10,58,58,230916096,1327104,1327104,1327104
10,11,58,57,230916096,1327104,1327104,1327104
10,12,58,58,266194944,1327104,1327104,1935360
10,13,58,58,230916096,1327104,1327104,1327104
10,14,58,58,230916096,1327104,1327104,1327104
10,15,58,58,266194944,1327104,1327104,1935360
10,16,58,58,230916096,1327104,1327104,1327104
10,17,58,58,230916096,1327104,1327104,1327104
10,18,58,58,266194944,1327104,1327104,1935360
10,19,58,58,230916096,1327104,1327104,1327104
10,20,58,58,230916096,1327104,1327104,1327104
10,21,58,58,266194944,1327104,1327104,1935360
10,22,57,57,226934784,1327104,1327104,1327104
10,23,57,57,261605376,1327104,1327104,1935360
10,24,57,57,261605376,1327104,1327104,1935360
10,25,57,57,261605376,1327104,1327104,1935360
10,26,57,51,261605376,1327104,1327104,1935360
11,1,58,58,266194944,1327104,1327104,1935360
11,2,58,58,266194944,1327104,1327104,1935360
11,3,58,58,266194944,1327104,1327104,1935360
11,4,58,58,230916096,1327104,1327104,1327104
11,5,58,58,230916096,1327104,1327104,1327104
11,6,58,58,266194944,1327104,1327104,1935360
11,7,58,58,230916096,1327104,1327104,1327104
11,8,58,58,230916096,1327104,1327104,1327104
11,9,58,58,266194944,1327104,1327104,1935360
11,10,58,58,230916096,1327104,1327104,1327104
11,11,58,58,230916096,1327104,1327104,1327104
11,12,58,58,266194944,1327104,1327104,1935360
11,13,58,58,230916096,1327104,1327104,1327104
11,14,58,58,230916096,1327104,1327104,1327104
11,15,58,58,266194944,1327104,1327104,1935360
11,16,58,58,230916096,1327104,1327104,1327104
11,17,58,58,230916096,1327104,1327104,1327104
11,18,58,58,266194944,1327104,1327104,1935360
11,19,58,58,230916096,1327104,1327104,1327104
11,20,58,58,230916096,1327104,1327104,1327104
11,21,58,58,266194944,1327104,1327104,1935360
11,22,57,57,226934784,1327104,1327104,1327104
11,23,57,57,261605376,1327104,1327104,1935360
11,24,57,57,261605376,1327104,1327104,1935360
11,25,57,57,261605376,1327104,1327104,1935360
11,26,57,53,261605376,1327104,1327104,1935360
12,1,58,58,266194944,1327104,1327104,1935360
12,2,58,58,266194944,1327104,1327104,1935360
12,3,58,58,266194944,1327104,1327104,1935360
12,4,58,58,230916096,1327104,1327104,1327104
12,5,58,58,230916096,1327104,1327104,1327104
12,6,58,58,266194944,1327104,1327104,1935360
12,7,58,58,230916096,1327104,1327104,1327104
12,8,58,58,230916096,1327104,1327104,1327104
12,9,58,58,266194944,1327104,1327104,1935360
12,10,58,58,230916096,1327104,1327104,1327104
12,11,58,58,230916096,1327104,1327104,1327104
12,12,58,58,266194944,1327104,1327104,1935360
12,13,58,58,230916096,1327104,1327104,1327104
12,14,58,58,230916096,1327104,1327104,1327104
12,15,58,58,266194944,1327104,1327104,1935360
12,16,58,58,230916096,1327104,1327104,1327104
12,17,58,58,230916096,1327104,1327104,1327104
12,18,58,58,266194944,1327104,1327104,1935360
12,19,58,58,230916096,1327104,1327104,1327104
12,20,58,58,230916096,1327104,1327104,1327104
12,21,58,58,266194944,1327104,1327104,1935360
12,22,57,57,226934784,1327104,1327104,1327104
12,23,57,57,261605376,1327104,1327104,1935360
12,24,57,57,261605376,1327104,1327104,1935360
12,25,57,57,261605376,1327104,1327104,1935360
12,26,57,55,261605376,1327104,1327104,1935360
13,1,58,58,266194944,1327104,1327104,1935360
13,2,58,58,266194944,1327104,1327104,1935360
13,3,58,58,266194944,1327104,1327104,1935360
13,4,58,58,230916096,1327104,1327104,1327104
13,5,58,58,230916096,1327104,1327104,1327104
13,6,58,58,266194944,1327104,1327104,1935360
13,7,58,58,230916096,1327104,1327104,1327104
13,8,58,58,230916096,1327104,1327104,1327104
13,9,58,58,266194944,1327104,1327104,1935360
13,10,58,58,230916096,1327104,1327104,1327104
13,11,58,58,230916096,1327104,1327104,1327104
13,12,58,58,266194944,1327104,1327104,1935360
13,13,58,58,230916096,1327104,1327104,1327104
13,14,58,58,230916096,1327104,1327104,1327104
13,15,58,58,266194944,1327104,1327104,1935360
13,16,58,58,230916096,1327104,1327104,1327104
13,17,58,58,230916096,1327104,1327104,1327104
13,18,58,58,266194944,1327104,1327104,1935360
13,19,58,58,230916096,1327104,1327104,1327104
13,20,58,58,230916096,1327104,1327104,1327104
13,21,58,58,266194944,1327104,1327104,1935360
13,22,57,57,226934784,1327104,1327104,1327104
13,23,57,57,261605376,1327104,1327104,1935360
13,24,57,57,261605376,1327104,1327104,1935360
13,25,57,57,261605376,1327104,1327104,1935360
13,26,57,57,261605376,1327104,1327104,1935360
14,1,58,58,266194944,1327104,1327104,1935360
14,2,58,58,266194944,1327104,1327104,1935360
14,3,58,58,266194944,1327104,1327104,1935360
14,4,58,58,230916096,1327104,1327104,1327104
14,5,58,58,230916096,1327104,1327104,1327104
14,6,58,58,266194944,1327104,1327104,1935360
14,7,58,58,230916096,1327104,1327104,1327104
14,8,58,58,230916096,1327104,1327104,1327104
14,9,58,58,266194944,1327104,1327104,1935360
14,10,58,58,230916096,1327104,1327104,1327104
14,11,58,58,230916096,1327104,1327104,1327104
14,12,58,58,266194944,1327104,1327104,1935360
14,13,58,58,230916096,1327104,1327104,1327104
14,14,58,58,230916096,1327104,1327104,1327104
14,15,58,58,266194944,1327104,1327104,1935360
14,16,58,58,230916096,1327104,1327104,1327104
14,17,58,58,230916096,1327104,1327104,1327104
14,18,58,58,266194944,1327104,1327104,1935360
14,19,58,58,230916096,1327104,1327104,1327104
14,20,58,58,230916096,1327104,1327104,1327104
14,21,58,58,266194944,1327104,1327104,1935360
14,22,57,57,226934784,1327104,1327104,1327104
14,23,57,57,261605376,1327104,1327104,1935360
14,24,57,57,261605376,1327104,1327104,1935360
14,25,57,57,261605376,1327104,1327104,1935360
14,26,57,57,261605376,1327104,1327104,1935360
15,1,58,58,266194944,1327104,1327104,1935360
15,2,58,58,266194944,1327104,1327104,1935360
15,3,58,58,266194944,1327104,1327104,1935360
15,4,58,58,230916096,1327104,1327104,1327104
15,5,58,58,230916096,1327104,1327104,1327104
15,6,58,58,266194944,1327104,1327104,1935360
15,7,58,58,230916096,1327104,1327104,1327104
15,8,58,58,230916096,1327104,1327104,1327104
15,9,58,58,266194944,1327104,1327104,1935360
15,10,58,58,230916096,1327104,1327104,1327104
15,11,58,58,230916096,1327104,1327104,1327104
15,12,58,58,266194944,1327104,1327104,1935360
15,13,58,58,230916096,1327104,1327104,1327104
15,14,58,58,230916096,1327104,1327104,1327104
15,15,58,58,266194944,1327104,1327104,1935360
15,16,58,58,230916096,1327104,1327104,1327104
15,17,58,58,230916096,1327104,1327104,1327104
15,18,58,58,266194944,1327104,1327104,1935360
15,19,58,58,230916096,1327104,1327104,1327104
15,20,58,58,230916096,1327104,1327104,1327104
15,21,58,58,266194944,1327104,1327104,1935360
15,22,57,57,226934784,1327104,1327104,1327104
15,23,57,57,261605376,1327104,1327104,1935360
15,24,57,57,261605376,1327104,1327104,1935360
15,25,57,57,261605376,1327104,1327104,1935360
15,26,57,57,261605376,1327104,1327104,1935360
16,1,58,58,266194944,1327104,1327104,1935360
16,2,58,58,266194944,1327104,1327104,1935360
16,3,58,58,266194944,1327104,1327104,1935360
16,4,58,58,230916096,1327104,1327104,1327104
16,5,58,58,230916096,1327104,1327104,1327104
16,6,58,58,266194944,1327104,1327104,1935360
16,7,58,58,230916096,1327104,1327104,1327104
16,8,58,58,230916096,1327104,1327104,1327104
16,9,58,58,266194944,1327104,1327104,1935360
16,10,58,58,230916096,1327104,1327104,1327104
16,11,58,58,230916096,1327104,1327104,1327104
16,12,58,58,266194944,1327104,1327104,1935360
16,13,58,58,230916096,1327104,1327104,1327104
16,14,58,58,230916096,1327104,1327104,1327104
16,15,58,58,266194944,1327104,1327104,1935360
16,16,58,58,230916096,1327104,1327104,1327104
16,17,58,58,230916096,1327104,1327104,1327104
16,18,58,58,266194944,1327104,1327104,1935360
16,19,58,58,230916096,1327104,1327104,1327104
16,20,58,58,230916096,1327104,1327104,1327104
16,21,58,58,266194944,1327104,1327104,1935360
16,22,57,57,226934784,1327104,1327104,1327104
16,23,57,57,261605376,1327104,1327104,1935360
16,24,57,57,261605376,1327104,1327104,1935360
16,25,57,57,261605376,1327104,1327104,1935360
16,26,57,57,261605376,1327104,1327104,1935360
17,1,58,58,266194944,1327104,1327104,1935360
17,2,58,58,266194944,1327104,1327104,1935360
17,3,58,58,266194944,1327104,1327104,1935360
17,4,58,58,230916096,1327104,1327104,1327104
17,5,58,58,230916096,1327104,1327104,1327104
17,6,58,58,266194944,1327104,1327104,1935360
17,7,58,58,230916096,1327104,1327104,1327104
17,8,58,58,230916096,1327104,1327104,1327104
17,9,58,58,266194944,1327104,1327104,1935360
17,10,58,58,230916096,1327104,1327104,1327104
17,11,58,58,230916096,1327104,1327104,1327104
17,12,58,58,266194944,1327104,1327104,1935360
17,13,58,58,230916096,1327104,1327104,1327104
17,14,58,58,230916096,1327104,1327104,1327104
17,15,58,58,266194944,1327104,1327104,1935360
17,16,58,58,230916096,1327104,1327104,1327104
17,17,58,58,230916096,1327104,1327104,1327104
17,18,58,58,266194944,1327104,1327104,1935360
17,19,58,58,230916096,1327104,1327104,1327104
17,20,58,58,230916096,1327104,1327104,1327104
17,21,58,58,266194944,1327104,1327104,1935360
17,22,57,57,226934784,1327104,1327104,1327104
17,23,57,57,261605376,1327104,1327104,1935360
17,24,57,57,261605376,1327104,1327104,1935360
17,25,57,57,261605376,1327104,1327104,1935360
17,26,57,57,261605376,1327104,1327104,1935360
18,1,58,58,266194944,1327104,1327104,1935360
18,2,58,58,266194944,1327104,1327104,1935360
18,3,58,58,266194944,1327104,1327104,1935360
18,4,58,58,230916096,1327104,1327104,1327104
18,5,58,58,230916096,1327104,1327104,1327104
18,6,58,58,266194944,1327104,1327104,1935360
18,7,58,58,230916096,1327104,1327104,1327104
18,8,58,58,230916096,1327104,1327104,1327104
18,9,58,58,266194944,1327104,1327104,1935360
18,10,58,58,230916096,1327104,1327104,1327104
18,11,58,58,230916096,1327104,1327104,1327104
18,12,58,58,266194944,1327104,1327104,1935360
18,13,58,58,230916096,1327104,1327104,1327104
18,14,58,58,230916096,1327104,1327104,1327104
18,15,58,58,266194944,1327104,1327104,1935360
18,16,58,58,230916096,1327104,1327104,1327104
18,17,58,58,230916096,1327104,1327104,1327104
18,18,58,58,266194944,1327104,1327104,1935360
18,19,58,58,230916096,1327104,1327104,1327104
18,20,58,58,230916096,1327104,1327104,1327104
18,21,58,58,266194944,1327104,1327104,1935360
18,22,57,57,226934784,1327104,1327104,1327104
18,23,57,57,261605376,1327104,1327104,1935360
18,24,57,57,261605376,1327104,1327104,1935360
18,25,57,57,261605376,1327104,1327104,1935360
18,26,57,57,261605376,1327104,1327104,1935360
19,1,58,58,266194944,1327104,1327104,1935360
19,2,58,58,266194944,1327104,1327104,1935360
19,3,58,58,266194944,1327104,1327104,1935360
19,4,58,58,230916096,1327104,1327104,1327104
19,5,58,58,230916096,1327104,1327104,1327104
19,6,58,58,266194944,1327104,1327104,1935360
19,7,58,58,230916096,1327104,1327104,1327104
19,8,58,58,230916096,1327104,1327104,1327104
19,9,58,58,266194944,1327104,1327104,1935360
19,10,58,58,230916096,1327104,1327104,1327104
19,11,58,58,230916096,1327104,1327104,1327104
19,12,58,58,266194944,1327104,1327104,1935360
19,13,58,58,230916096,1327104,1327104,1327104
19,14,58,58,230916096,1327104,1327104,1327104
19,15,58,58,266194944,1327104,1327104,1935360
19,16,58,58,230916096,1327104,1327104,1327104
19,17,58,58,230916096,1327104,1327104,1327104
19,18,58,58,266194944,1327104,1327104,1935360
19,19,58,58,230916096,1327104,1327104,1327104
19,20,58,58,230916096,1327104,1327104,1327104
19,21,58,58,266194944,1327104,1327104,1935360
19,22,57,57,226934784,1327104,1327104,1327104
19,23,57,57,261605376,1327104,1327104,1935360
19,24,57,57,261605376,1327104,1327104,1935360
19,25,57,57,261605376,1327104,1327104,1935360
19,26,57,57,261605376,1327104,1327104,1935360
20,1,58,58,266194944,1327104,1327104,1935360
20,2,58,58,266194944,1327104,1327104,1935360
20,3,58,58,266194944,1327104,1327104,1935360
20,4,58,58,230916096,1327104,1327104,1327104
20,5,58,58,230916096,1327104,1327104,1327104
20,6,58,58,266194944,1327104,1327104,1935360
20,7,58,58,230916096,1327104,1327104,1327104
20,8,58,58,230916096,1327104,1327104,1327104
20,9,58,58,266194944,1327104,1327104,1935360
20,10,58,58,230916096,1327104,1327104,1327104
20,11,58,58,230916096,1327104,1327104,1327104
20,12,58,58,266194944,1327104,1327104,1935360
20,13,58,58,230916096,1327104,1327104,1327104
20,14,58,58,230916096,1327104,1327104,1327104
20,15,58,58,266194944,1327104,1327104,1935360
20,16,58,58,230916096,1327104,1327104,1327104
20,17,58,58,230916096,1327104,1327104,1327104
20,18,58,58,266194944,1327104,1327104,1935360
20,19,58,58,230916096,1327104,1327104,1327104
20,20,58,58,230916096,1327104,1327104,1327104
20,21,58,58,266194944,1327104,1327104,1935360
20,22,57,57,226934784,1327104,1327104,1327104
20,23,57,57,261605376,1327104,1327104,1935360
20,24,57,57,261605376,1327104,1327104,1935360
20,25,57,57,261605376,1327104,1327104,1935360
20,26,57,57,261605376,1327104,1327104,1935360
21,1,58,58,266194944,1327104,1327104,1935360
21,2,58,58,266194944,1327104,1327104,1935360
21,3,58,58,266194944,1327104,1327104,1935360
21,4,58,58,230916096,1327104,1327104,1327104
21,5,58,58,230916096,1327104,1327104,1327104
21,6,58,58,266194944,1327104,1327104,1935360
21,7,58,58,230916096,1327104,1327104,1327104
21,8,58,58,230916096,1327104,1327104,1327104
21,9,58,58,266194944,1327104,1327104,1935360
21,10,58,58,230916096,1327104,1327104,1327104
21,11,58,58,230916096,1327104,1327104,1327104
21,12,58,58,266194944,1327104,1327104,1935360
21,13,58,58,230916096,1327104,1327104,1327104
21,14,58,58,230916096,1327104,1327104,1327104
21,15,58,58,266194944,1327104,1327104,1935360
21,16,58,58,230916096,1327104,1327104,1327104
21,17,58,58,230916096,1327104,1327104,1327104
21,18,58,58,266194944,1327104,1327104,1935360
21,19,58,58,230916096,1327104,1327104,1327104
21,20,58,58,230916096,1327104,1327104,1327104
21,21,58,58,266194944,1327104,1327104,1935360
21,22,57,57,226934784,1327104,1327104,1327104
21,23,57,57,261605376,1327104,1327104,1935360
21,24,57,57,261605376,1327104,1327104,1935360
21,25,57,57,261605376,1327104,1327104,1935360
21,26,57,57,261605376,1327104,1327104,1935360
22,1,58,58,266194944,1327104,1327104,1935360
22,2,58,58,266194944,1327104,1327104,1935360
22,3,58,58,266194944,1327104,1327104,1935360
22,4,58,58,230916096,1327104,1327104,1327104
22,5,58,58,230916096,1327104,1327104,1327104
22,6,58,58,266194944,1327104,1327104,1935360
22,7,58,58,230916096,1327104,1327104,1327104
22,8,58,58,230916096,1327104,1327104,1327104
22,9,58,58,266194944,1327104,1327104,1935360
22,10,58,58,230916096,1327104,1327104,1327104
22,11,58,58,230916096,1327104,1327104,1327104
22,12,58,58,266194944,1327104,1327104,1935360
22,13,58,58,230916096,1327104,1327104,1327104
22,14,58,58,230916096,1327104,1327104,1327104
22,15,58,58,266194944,1327104,1327104,1935360
22,16,58,58,230916096,1327104,1327104,1327104
22,17,58,58,230916096,1327104,1327104,1327104
22,18,58,58,266194944,1327104,1327104,1935360
22,19,58,58,230916096,1327104,1327104,1327104
22,20,58,58,230916096,1327104,1327104,1327104
22,21,58,58,266194944,1327104,1327104,1935360
22,22,57,57,226934784,1327104,1327104,1327104
22,23,57,57,261605376,1327104,1327104,1935360
22,24,57,57,261605376,1327104,1327104,1935360
22,25,57,57,261605376,1327104,1327104,1935360
22,26,57,57,261605376,1327104,1327104,1935360
23,1,58,58,266194944,1327104,1327104,1935360
23,2,58,58,266194944,1327104,1327104,1935360
23,3,58,58,266194944,1327104,1327104,1935360
23,4,58,58,230916096,1327104,1327104,1327104
23,5,58,58,230916096,1327104,1327104,1327104
23,6,58,58,266194944,1327104,1327104,1935360
23,7,58,58,230916096,1327104,1327104,1327104
23,8,58,58,230916096,1327104,1327104,1327104
23,9,58,58,266194944,1327104,1327104,1935360
23,10,58,58,230916096,1327104,1327104,1327104
23,11,58,58,230916096,1327104,1327104,1327104
23,12,58,58,266194944,1327104,1327104,1935360
23,13,58,58,230916096,1327104,1327104,1327104
23,14,58,58,230916096,1327104,1327104,1327104
23,15,58,58,266194944,1327104,1327104,1935360
23,16,58,58,230916096,1327104,1327104,1327104
23,17,58,58,230916096,1327104,1327104,1327104
23,18,58,58,266194944,1327104,1327104,1935360
23,19,58,58,230916096,1327104,1327104,1327104
23,20,58,58,230916096,1327104,1327104,1327104
23,21,58,58,266194944,1327104,1327104,1935360
23,22,57,57,226934784,1327104,1327104,1327104
23,23,57,57,261605376,1327104,1327104,1935360
23,24,57,57,261605376,1327104,1327104,1935360
23,25,57,57,261605376,1327104,1327104,1935360
23,26,57,57,261605376,1327104,1327104,1935360
24,1,58,58,266194944,1327104,1327104,1935360
24,2,58,58,266194944,1327104,1327104,1935360
24,3,58,58,266194944,1327104,1327104,1935360
24,4,58,58,230916096,1327104,1327104,1327104
24,5,58,58,230916096,1327104,1327104,1327104
24,6,58,58,266194944,1327104,1327104,1935360
24,7,58,58,230916096,1327104,1327104,1327104
24,8,58,58,230916096,1327104,1327104,1327104
24,9,58,58,266194944,1327104,1327104,1935360
24,10,58,58,230916096,1327104,1327104,1327104
24,11,58,58,230916096,1327104,1327104,1327104
24,12,58,58,266194944,1327104,1327104,1935360
24,13,58,58,230916096,1327104,1327104,1327104
24,14,58,58,230916096,1327104,1327104,1327104
24,15,58,58,266194944,1327104,1327104,1935360
24,16,58,58,230916096,1327104,1327104,1327104
24,17,58,58,230916096,1327104,1327104,1327104
24,18,58,58,266194944,1327104,1327104,1935360
24,19,58,58,230916096,1327104,1327104,1327104
24,20,58,58,230916096,1327104,1327104,1327104
24,21,58,58,266194944,1327104,1327104,1935360
24,22,57,57,226934784,1327104,1327104,1327104
24,23,57,57,261605376,1327104,1327104,1935360
24,24,57,57,261605376,1327104,1327104,1935360
24,25,57,57,261605376,1327104,1327104,1935360
24,26,57,57,261605376,1327104,1327104,1935360
25,1,58,58,266194944,1327104,1327104,1935360
25,2,58,58,266194944,1327104,1327104,1935360
25,3,58,58,266194944,1327104,1327104,1935360
25,4,58,58,230916096,1327104,1327104,1327104
25,5,58,58,230916096,1327104,1327104,1327104
25,6,58,58,266194944,1327104,1327104,1935360
25,7,58,58,230916096,1327104,1327104,1327104
25,8,58,58,230916096,1327104,1327104,1327104
25,9,58,58,266194944,1327104,1327104,1935360
25,10,58,58,230916096,1327104,1327104,1327104
25,11,58,58,230916096,1327104,1327104,1327104
25,12,58,58,266194944,1327104,1327104,1935360
25,13,58,58,230916096,1327104,1327104,1327104
25,14,58,58,230916096,1327104,1327104,1327104
25,15,58,58,266194944,1327104,1327104,1935360
25,16,58,58,230916096,1327104,1327104,1327104
25,17,58,58,230916096,1327104,1327104,1327104
25,18,58,58,266194944,1327104,1327104,1935360
25,19,58,58,230916096,1327104,1327104,1327104
25,20,58,58,230916096,1327104,1327104,1327104
25,21,58,58,266194944,1327104,1327104,1935360
25,22,57,57,226934784,1327104,1327104,1327104
25,23,57,57,261605376,1327104,1327104,1935360
25,24,57,57,261605376,1327104,1327104,1935360
25,25,57,57,261605376,1327104,1327104,1935360
25,26,57,57,261605376,1327104,1327104,1935360
26,1,58,58,266194944,1327104,1327104,1935360
26,2,58,58,266194944,1327104,1327104,1935360
26,3,58,58,266194944,1327104,1327104,1935360
26,4,58,58,230916096,1327104,1327104,1327104
26,5,58,58,230916096,1327104,1327104,1327104
26,6,58,58,266194944,1327104,1327104,1935360
26,7,58,58,230916096,1327104,1327104,1327104
26,8,58,58,230916096,1327104,1327104,1327104
26,9,58,58,266194944,1327104,1327104,1935360
26,10,58,58,230916096,1327104,1327104,1327104
26,11,58,58,230916096,1327104,1327104,1327104
26,12,58,58,266194944,1327104,1327104,1935360
26,13,58,58,230916096,1327104,1327104,1327104
26,14,58,58,230916096,1327104,1327104,1327104
26,15,58,58,266194944,1327104,1327104,1935360
26,16,58,58,230916096,1327104,1327104,1327104
26,17,58,58,230916096,1327104,1327104,1327104
26,18,58,58,266194944,1327104,1327104,1935360
26,19,58,58,230916096,1327104,1327104,1327104
26,20,58,58,230916096,1327104,1327104,1327104
26,21,58,58,266194944,1327104,1327104,1935360
26,22,57,57,226934784,1327104,1327104,1327104
26,23,57,57,261605376,1327104,1327104,1935360
26,24,57,57,261605376,1327104,1327104,1935360
26,25,57,57,261605376,1327104,1327104,1935360
26,26,57,57,261605376,1327104,1327104,1935360
27,1,58,58,266194944,1327104,1327104,1935360
27,2,58,58,266194944,1327104,1327104,1935360
27,3,58,58,266194944,1327104,1327104,1935360
27,4,58,58,230916096,1327104,1327104,1327104
27,5,58,58,230916096,1327104,1327104,1327104
27,6,58,58,266194944,1327104,1327104,1935360
27,7,58,58,230916096,1327104,1327104,1327104
27,8,58,58,230916096,1327104,1327104,1327104
27,9,58,58,266194944,1327104,1327104,1935360
27,10,58,58,230916096,1327104,1327104,1327104
27,11,58,58,230916096,1327104,1327104,1327104
27,12,58,58,266194944,1327104,1327104,1935360
27,13,58,58,230916096,1327104,1327104,1327104
27,14,58,58,230916096,1327104,1327104,1327104
27,15,58,58,266194944,1327104,1327104,1935360
27,16,58,58,230916096,1327104,1327104,1327104
27,17,58,58,230916096,1327104,1327104,1327104
27,18,58,58,266194944,1327104,1327104,1935360
27,19,58,58,230916096,1327104,1327104,1327104
27,20,58,58,230916096,1327104,1327104,1327104
27,21,58,58,266194944,1327104,1327104,1935360
27,22,57,57,226934784,1327104,1327104,1327104
27,23,57,57,261605376,1327104,1327104,1935360
27,24,57,57,261605376,1327104,1327104,1935360
27,25,57,57,261605376,1327104,1327104,1935360
27,26,57,57,261605376,1327104,1327104,1935360
28,1,58,58,266194944,1327104,1327104,1935360
28,2,58,58,266194944,1327104,1327104,1935360
28,3,58,58,266194944,1327104,1327104,1935360
28,4,58,58,230916096,1327104,1327104,1327104
28,5,58,58,230916096,1327104,1327104,1327104
28,6,58,58,266194944,1327104,1327104,1935360
28,7,58,58,230916096,1327104,1327104,1327104
28,8,58,58,230916096,1327104,1327104,1327104
28,9,58,58,266194944,1327104,1327104,1935360
28,10,58,58,230916096,1327104,1327104,1327104
28,11,58,58,230916096,1327104,1327104,1327104
28,12,58,58,266194944,1327104,1327104,1935360
28,13,58,58,230916096,1327104,1327104,1327104
28,14,58,58,230916096,1327104,1327104,1327104
28,15,58,58,266194944,1327104,1327104,1935360
28,16,58,58,230916096,1327104,1327104,1327104
28,17,58,58,230916096,1327104,1327104,1327104
28,18,58,58,266194944,1327104,1327104,1935360
28,19,58,58,230916096,1327104,1327104,1327104
28,20,58,58,230916096,1327104,1327104,1327104
28,21,58,58,266194944,1327104,1327104,1935360
28,22,57,57,226934784,1327104,1327104,1327104
28,23,57,57,261605376,1327104,1327104,1935360
28,24,57,57,261605376,1327104,1327104,1935360
28,25,57,57,261605376,1327104,1327104,1935360
28,26,57,57,261605376,1327104,1327104,1935360
29,1,58,58,266194944,1327104,1327104,1935360
29,2,58,58,266194944,1327104,1327104,1935360
29,3,58,58,266194944,1327104,1327104,1935360
29,4,58,58,230916096,1327104,1327104,1327104
29,5,58,58,230916096,1327104,1327104,1327104
29,6,58,58,266194944,1327104,1327104,1935360
29,7,58,58,230916096,1327104,1327104,1327104
29,8,58,58,230916096,1327104,1327104,1327104
29,9,58,58,266194944,1327104,1327104,1935360
29,10,58,58,230916096,1327104,1327104,1327104
29,11,58,58,230916096,1327104,1327104,1327104
29,12,58,58,266194944,1327104,1327104,1935360
29,13,58,58,230916096,1327104,1327104,1327104
29,14,58,58,230916096,1327104,1327104,1327104
29,15,58,58,266194944,1327104,1327104,1935360
29,16,58,58,230916096,1327104,1327104,1327104
29,17,58,58,230916096,1327104,1327104,1327104
29,18,58,58,266194944,1327104,1327104,1935360
29,19,58,58,230916096,1327104,1327104,1327104
29,20,58,58,230916096,1327104,1327104,1327104
29,21,58,58,266194944,1327104,1327104,1935360
29,22,57,57,226934784,1327104,1327104,1327104
29,23,57,57,261605376,1327104,1327104,1935360
29,24,57,57,261605376,1327104,1327104,1935360
29,25,57,57,261605376,1327104,1327104,1935360
29,26,57,57,261605376,1327104,1327104,1935360
30,1,58,58,266194944,1327104,1327104,1935360
30,2,58,58,266194944,1327104,1327104,1935360
30,3,58,58,266194944,1327104,1327104,1935360
30,4,58,58,230916096,1327104,1327104,1327104
30,5,58,58,230916096,1327104,1327104,1327104
30,6,58,58,266194944,1327104,1327104,1935360
30,7,58,58,230916096,1327104,1327104,1327104
30,8,58,58,230916096,1327104,1327104,1327104
30,9,58,58,266194944,1327104,1327104,1935360
30,10,58,58,230916096,1327104,1327104,1327104
30,11,58,58,230916096,1327104,1327104,1327104
30,12,58,58,266194944,1327104,1327104,1935360
30,13,58,58,230916096,1327104,1327104,1327104
30,14,58,58,230916096,1327104,1327104,1327104
30,15,58,58,266194944,1327104,1327104,1935360
30,16,58,58,230916096,1327104,1327104,1327104
30,17,58,58,230916096,1327104,1327104,1327104
30,18,58,58,266194944,1327104,1327104,1935360
30,19,58,58,230916096,1327104,1327104,1327104
30,20,58,58,230916096,1327104,1327104,1327104
30,21,58,58,266194944,1327104,1327104,1935360
30,22,57,57,226934784,1327104,1327104,1327104
30,23,57,57,261605376,1327104,1327104,1935360
30,24,57,57,261605376,1327104,1327104,1935360
30,25,57,57,261605376,1327104,1327104,1935360
30,26,57,57,261605376,1327104,1327104,1935360
31,1,58,58,266194944,1327104,1327104,1935360
31,2,58,58,266194944,1327104,1327104,1935360
31,3,58,58,266194944,1327104,1327104,1935360
31,4,58,58,230916096,1327104,1327104,1327104
31,5,58,58,230916096,1327104,1327104,1327104
31,6,58,58,266194944,1327104,1327104,1935360
31,7,58,58,230916096,1327104,1327104,1327104
31,8,58,58,230916096,1327104,1327104,1327104
31,9,58,58,266194944,1327104,1327104,1935360
31,10,58,58,230916096,1327104,1327104,1327104
31,11,58,58,230916096,1327104,1327104,1327104
31,12,58,58,266194944,1327104,1327104,1935360
31,13,58,58,230916096,1327104,1327104,1327104
31,14,58,58,230916096,1327104,1327104,1327104
31,15,58,58,266194944,1327104,1327104,1935360
31,16,58,58,230916096,1327104,1327104,1327104
31,17,58,58,230916096,1327104,1327104,1327104
31,18,58,58,266194944,1327104,1327104,1935360
31,19,58,58,230916096,1327104,1327104,1327104
31,20,58,58,230916096,1327104,1327104,1327104
31,21,58,58,266194944,1327104,1327104,1935360
31,22,57,57,226934784,1327104,1327104,1327104
31,23,57,57,261605376,1327104,1327104,1935360
31,24,57,57,261605376,1327104,1327104,1935360
31,25,57,57,261605376,1327104,1327104,1935360
31,26,57,57,261605376,1327104,1327104,1935360
32,1,58,58,266194944,1327104,1327104,1935360
32,2,58,58,266194944,1327104,1327104,1935360
32,3,58,58,266194944,1327104,1327104,1935360
32,4,58,58,230916096,1327104,1327104,1327104
32,5,58,58,230916096,1327104,1327104,1327104
32,6,58,58,266194944,1327104,1327104,1935360
32,7,58,58,230916096,1327104,1327104,1327104
32,8,58,58,230916096,1327104,1327104,1327104
32,9,58,58,266194944,1327104,1327104,1935360
32,10,58,58,230916096,1327104,1327104,1327104
32,11,58,58,230916096,1327104,1327104,1327104
32,12,58,58,266194944,1327104,1327104,1935360
32,13,58,58,230916096,1327104,1327104,1327104
32,14,58,58,230916096,1327104,1327104,1327104
32,15,58,58,266194944,1327104,1327104,1935360
32,16,58,58,230916096,1327104,1327104,1327104
32,17,58,58,230916096,1327104,1327104,1327104
32,18,58,58,266194944,1327104,1327104,1935360
32,19,58,58,230916096,1327104,1327104,1327104
32,20,58,58,230916096,1327104,1327104,1327104
32,21,58,58,266194944,1327104,1327104,1935360
32,22,57,57,226934784,1327104,1327104,1327104
32,23,57,57,261605376,1327104,1327104,1935360
32,24,57,57,261605376,1327104,1327104,1935360
32,25,57,57,261605376,1327104,1327104,1935360
32,26,57,57,261605376,1327104,1327104,1935360
33,1,58,58,266194944,1327104,1327104,1935360
33,2,58,58,266194944,1327104,1327104,1935360
33,3,58,58,266194944,1327104,1327104,1935360
33,4,58,58,230916096,1327104,1327104,1327104
33,5,58,58,230916096,1327104,1327104,1327104
33,6,58,58,266194944,1327104,1327104,1935360
33,7,58,58,230916096,1327104,1327104,1327104
33,8,58,58,230916096,1327104,1327104,1327104
33,9,58,58,266194944,1327104,1327104,1935360
33,10,58,58,230916096,1327104,1327104,1327104
33,11,58,58,230916096,1327104,1327104,1327104
33,12,58,58,266194944,1327104,1327104,1935360
33,13,58,58,230916096,1327104,1327104,1327104
33,14,58,58,230916096,1327104,1327104,1327104
33,15,58,58,266194944,1327104,1327104,1935360
33,16,58,58,230916096,1327104,1327104,1327104
33,17,58,58,230916096,1327104,1327104,1327104
33,18,58,58,266194944,1327104,1327104,1935360
33,19,58,58,230916096,1327104,1327104,1327104
33,20,58,58,230916096,1327104,1327104,1327104
33,21,58,58,266194944,1327104,1327104,1935360
33,22,57,57,226934784,1327104,1327104,1327104
33,23,57,57,261605376,1327104,1327104,1935360
33,24,57,57,261605376,1327104,1327104,1935360
33,25,57,57,261605376,1327104,1327104,1935360
33,26,57,57,261605376,1327104,1327104,1935360
34,1,58,58,266194944,1327104,1327104,1935360
34,2,58,58,266194944,1327104,1327104,1935360
34,3,58,58,266194944,1327104,1327104,1935360
34,4,58,58,230916096,1327104,1327104,1327104
34,5,58,58,230916096,1327104,1327104,1327104
34,6,58,58,266194944,1327104,1327104,1935360
34,7,58,58,230916096,1327104,1327104,1327104
34,8,58,58,230916096,1327104,1327104,1327104
34,9,58,58,266194944,1327104,1327104,1935360
34,10,58,58,230916096,1327104,1327104,1327104
34,11,58,58,230916096,1327104,1327104,1327104
34,12,58,58,266194944,1327104,1327104,1935360
34,13,58,58,230916096,1327104,1327104,1327104
34,14,58,58,230916096,1327104,1327104,1327104
34,15,58,58,266194944,1327104,1327104,1935360
34,16,58,58,230916096,1327104,1327104,1327104
34,17,58,58,230916096,1327104,1327104,1327104
34,18,58,58,266194944,1327104,1327104,1935360
34,19,58,58,230916096,1327104,1327104,1327104
34,20,58,58,230916096,1327104,1327104,1327104
34,21,58,58,266194944,1327104,1327104,1935360
34,22,57,57,226934784,1327104,1327104,1327104
34,23,57,57,261605376,1327104,1327104,1935360
34,24,57,57,261605376,1327104,1327104,1935360
34,25,57,57,261605376,1327104,1327104,1935360
34,26,57,57,261605376,1327104,1327104,1935360
35,1,58,58,266194944,1327104,1327104,1935360
35,2,58,58,266194944,1327104,1327104,1935360
35,3,58,58,266194944,1327104,1327104,1935360
35,4,58,58,230916096,1327104,1327104,1327104
35,5,58,58,230916096,1327104,1327104,1327104
35,6,58,58,266194944,1327104,1327104,1935360
35,7,58,58,230916096,1327104,1327104,1327104
35,8,58,58,230916096,1327104,1327104,1327104
35,9,58,58,266194944,1327104,1327104,1935360
35,10,58,58,230916096,1327104,1327104,1327104
35,11,58,58,230916096,1327104,1327104,1327104
35,12,58,58,266194944,1327104,1327104,1935360
35,13,58,58,230916096,1327104,1327104,1327104
35,14,58,58,230916096,1327104,1327104,1327104
35,15,58,58,266194944,1327104,1327104,1935360
35,16,58,58,230916096,1327104,1327104,1327104
35,17,58,58,230916096,1327104,1327104,1327104
35,18,58,58,266194944,1327104,1327104,1935360
35,19,58,58,230916096,1327104,1327104,1327104
35,20,58,58,230916096,1327104,1327104,1327104
35,21,58,58,266194944,1327104,1327104,1935360
35,22,57,57,226934784,1327104,1327104,1327104
35,23,57,57,261605376,1327104,1327104,1935360
35,24,57,57,261605376,1327104,1327104,1935360
35,25,57,57,261605376,1327104,1327104,1935360
35,26,57,57,261605376,1327104,1327104,1935360
36,1,58,58,266194944,1327104,1327104,1935360
36,2,58,58,266194944,1327104,1327104,1935360
36,3,58,58,266194944,1327104,1327104,1935360
36,4,58,58,230916096,1327104,1327104,1327104
36,5,58,58,230916096,1327104,1327104,1327104
36,6,58,58,266194944,1327104,1327104,1935360
36,7,58,58,230916096,1327104,1327104,1327104
36,8,58,58,230916096,1327104,1327104,1327104
36,9,58,58,266194944,1327104,1327104,1935360
36,10,58,58,230916096,1327104,1327104,1327104
36,11,58,58,230916096,1327104,1327104,1327104
36,12,58,58,266194944,1327104,1327104,1935360
36,13,58,58,230916096,1327104,1327104,1327104
36,14,58,58,230916096,1327104,1327104,1327104
36,15,58,58,266194944,1327104,1327104,1935360
36,16,58,58,230916096,1327104,1327104,1327104
36,17,58,58,230916096,1327104,1327104,1327104
36,18,58,58,266194944,1327104,1327104,1935360
36,19,58,58,230916096,1327104,1327104,1327104
36,20,58,58,230916096,1327104,1327104,1327104
36,21,58,58,266194944,1327104,1327104,1935360
36,22,57,57,226934784,1327104,1327104,1327104
36,23,57,57,261605376,1327104,1327104,1935360
36,24,57,57,261605376,1327104,1327104,1935360
36,25,57,57,261605376,1327104,1327104,1935360
36,26,57,57,261605376,1327104,1327104,1935360
37,1,58,58,266194944,1327104,1327104,1935360
37,2,58,58,266194944,1327104,1327104,1935360
37,3,58,58,266194944,1327104,1327104,1935360
37,4,58,58,230916096,1327104,1327104,1327104
37,5,58,58,230916096,1327104,1327104,1327104
37,6,58,58,266194944,1327104,1327104,1935360
37,7,58,58,230916096,1327104,1327104,1327104
37,8,58,58,230916096,1327104,1327104,1327104
37,9,58,58,266194944,1327104,1327104,1935360
37,10,58,58,230916096,1327104,1327104,1327104
37,11,58,58,230916096,1327104,1327104,1327104
37,12,58,58,266194944,1327104,1327104,1935360
37,13,58,58,230916096,1327104,1327104,1327104
37,14,58,58,230916096,1327104,1327104,1327104
37,15,58,58,266194944,1327104,1327104,1935360
37,16,58,58,230916096,1327104,1327104,1327104
37,17,58,58,230916096,1327104,1327104,1327104
37,18,58,58,266194944,1327104,1327104,1935360
37,19,58,58,230916096,1327104,1327104,1327104
37,20,58,58,230916096,1327104,1327104,1327104
37,21,58,58,266194944,1327104,1327104,1935360
37,22,57,57,226934784,1327104,1327104,1327104
37,23,57,57,261605376,1327104,1327104,1935360
37,24,57,57,261605376,1327104,1327104,1935360
37,25,57,57,261605376,1327104,1327104,1935360
37,26,57,57,261605376,1327104,1327104,1935360
38,1,58,58,266194944,1327104,1327104,1935360
38,2,58,58,266194944,1327104,1327104,1935360
38,3,58,58,266194944,1327104,1327104,1935360
38,4,58,58,230916096,1327104,1327104,1327104
38,5,58,58,230916096,1327104,1327104,1327104
38,6,58,58,266194944,1327104,1327104,1935360
38,7,58,58,230916096,1327104,1327104,1327104
38,8,58,58,230916096,1327104,1327104,1327104
38,9,58,58,266194944,1327104,1327104,1935360
38,10,58,58,230916096,1327104,1327104,1327104
38,11,58,58,230916096,1327104,1327104,1327104
38,12,58,58,266194944,1327104,1327104,1935360
38,13,58,58,230916096,1327104,1327104,1327104
38,14,58,58,230916096,1327104,1327104,1327104
38,15,58,58,266194944,1327104,1327104,1935360
38,16,58,58,230916096,1327104,1327104,1327104
38,17,58,58,230916096,1327104,1327104,1327104
38,18,58,58,266194944,1327104,1327104,1935360
38,19,58,58,230916096,1327104,1327104,1327104
38,20,58,58,230916096,1327104,1327104,1327104
38,21,58,58,266194944,1327104,1327104,1935360
38,22,57,57,226934784,1327104,1327104,1327104
38,23,57,57,261605376,1327104,1327104,1935360
38,24,57,57,261605376,1327104,1327104,1935360
38,25,57,57,261605376,1327104,1327104,1935360
38,26,57,57,261605376,1327104,1327104,1935360
39,1,58,58,266194944,1327104,1327104,1935360
39,2,58,58,266194944,1327104,1327104,1935360
39,3,58,58,266194944,1327104,1327104,1935360
39,4,58,58,230916096,1327104,1327104,1327104
39,5,58,58,230916096,1327104,1327104,1327104
39,6,58,58,266194944,1327104,1327104,1935360
39,7,58,58,230916096,1327104,1327104,1327104
39,8,58,58,230916096,1327104,1327104,1327104
39,9,58,58,266194944,1327104,1327104,1935360
39,10,58,58,230916096,1327104,1327104,1327104
39,11,58,58,230916096,1327104,1327104,1327104
39,12,58,58,266194944,1327104,1327104,1935360
39,13,58,58,230916096,1327104,1327104,1327104
39,14,58,58,230916096,1327104,1327104,1327104
39,15,58,58,266194944,1327104,1327104,1935360
39,16,58,58,230916096,1327104,1327104,1327104
39,17,58,58,230916096,1327104,1327104,1327104
39,18,58,58,266194944,1327104,1327104,1935360
39,19,58,58,230916096,1327104,1327104,1327104
39,20,58,58,230916096,1327104,1327104,1327104
39,21,58,58,266194944,1327104,1327104,1935360
39,22,57,57,226934784,1327104,1327104,1327104
39,23,57,57,261605376,1327104,1327104,1935360
39,24,57,57,261605376,1327104,1327104,1935360
39,25,57,57,261605376,1327104,1327104,1935360
39,26,57,57,261605376,1327104,1327104,1935360
40,1,58,58,266194944,1327104,1327104,1935360
40,2,58,58,266194944,1327104,1327104,1935360
40,3,58,58,266194944,1327104,1327104,1935360
40,4,58,58,230916096,1327104,1327104,1327104
40,5,58,58,230916096,1327104,1327104,1327104
40,6,58,58,266194944,1327104,1327104,1935360
40,7,58,58,230916096,1327104,1327104,1327104
40,8,58,58,230916096,1327104,1327104,1327104
40,9,58,58,266194944,1327104,1327104,1935360
40,10,58,58,230916096,1327104,1327104,1327104
40,11,58,58,230916096,1327104,1327104,1327104
40,12,58,58,266194944,1327104,1327104,1935360
40,13,58,58,230916096,1327104,1327104,1327104
40,14,58,58,230916096,1327104,1327104,1327104
40,15,58,58,266194944,1327104,1327104,1935360
40,16,58,58,230916096,1327104,1327104,1327104
40,17,58,58,230916096,1327104,1327104,1327104
40,18,58,58,266194944,1327104,1327104,1935360
40,19,58,58,230916096,1327104,1327104,1327104
40,20,58,58,230916096,1327104,1327104,1327104
40,21,58,58,266194944,1327104,1327104,1935360
40,22,57,57,226934784,1327104,1327104,1327104
40,23,57,57,261605376,1327104,1327104,1935360
40,24,57,57,261605376,1327104,1327104,1935360
40,25,57,57,261605376,1327104,1327104,1935360
40,26,57,57,261605376,1327104,1327104,1935360
41,1,58,58,266194944,1327104,1327104,1935360
41,2,58,58,266194944,1327104,1327104,1935360
41,3,58,58,266194944,1327104,1327104,1935360
41,4,58,58,230916096,1327104,1327104,1327104
41,5,58,58,230916096,1327104,1327104,1327104
41,6,58,58,266194944,1327104,1327104,1935360
41,7,58,58,230916096,1327104,1327104,1327104
41,8,58,58,230916096,1327104,1327104,1327104
41,9,58,58,266194944,1327104,1327104,1935360
41,10,58,58,230916096,1327104,1327104,1327104
41,11,58,58,230916096,1327104,1327104,1327104
41,12,58,58,266194944,1327104,1327104,1935360
41,13,58,58,230916096,1327104,1327104,1327104
41,14,58,58,230916096,1327104,1327104,1327104
41,15,58,58,266194944,1327104,1327104,1935360
41,16,58,58,230916096,1327104,1327104,1327104
41,17,58,58,230916096,1327104,1327104,1327104
41,18,58,58,266194944,1327104,1327104,1935360
41,19,58,58,230916096,1327104,1327104,1327104
41,20,58,58,230916096,1327104,1327104,1327104
41,21,58,58,266194944,1327104,1327104,1935360
41,22,57,57,226934784,1327104,1327104,1327104
41,23,57,57,261605376,1327104,1327104,1935360
41,24,57,57,261605376,1327104,1327104,1935360
41,25,57,57,261605376,1327104,1327104,1935360
41,26,57,57,261605376,1327104,1327104,1935360
42,1,58,58,266194944,1327104,1327104,1935360
42,2,58,58,266194944,1327104,1327104,1935360
42,3,58,58,266194944,1327104,1327104,1935360
42,4,58,58,230916096,1327104,1327104,1327104
42,5,58,58,230916096,1327104,1327104,1327104
42,6,58,58,266194944,1327104,1327104,1935360
42,7,58,58,230916096,1327104,1327104,1327104
42,8,58,58,230916096,1327104,1327104,1327104
42,9,58,58,266194944,1327104,1327104,1935360
42,10,58,58,230916096,1327104,1327104,1327104
42,11,58,58,230916096,1327104,1327104,1327104
42,12,58,58,266194944,1327104,1327104,1935360
42,13,58,58,230916096,1327104,1327104,1327104
42,14,58,58,230916096,1327104,1327104,1327104
42,15,58,58,266194944,1327104,1327104,1935360
42,16,58,58,230916096,1327104,1327104,1327104
42,17,58,58,230916096,1327104,1327104,1327104
42,18,58,58,266194944,1327104,1327104,1935360
42,19,58,58,230916096,1327104,1327104,1327104
42,20,58,58,230916096,1327104,1327104,1327104
42,21,58,58,266194944,1327104,1327104,1935360
42,22,57,57,226934784,1327104,1327104,1327104
42,23,57,57,261605376,1327104,1327104,1935360
42,24,57,57,261605376,1327104,1327104,1935360
42,25,57,57,261605376,1327104,1327104,1935360
42,26,57,57,261605376,1327104,1327104,1935360
43,1,58,58,266194944,1327104,1327104,1935360
43,2,58,58,266194944,1327104,1327104,1935360
43,3,58,58,266194944,1327104,1327104,1935360
43,4,58,58,230916096,1327104,1327104,1327104
43,5,58,58,230916096,1327104,1327104,1327104
43,6,58,58,266194944,1327104,1327104,1935360
43,7,58,58,230916096,1327104,1327104,1327104
43,8,58,58,230916096,1327104,1327104,1327104
43,9,58,58,266194944,1327104,1327104,1935360
43,10,58,58,230916096,1327104,1327104,1327104
43,11,58,58,230916096,1327104,1327104,1327104
43,12,58,58,266194944,1327104,1327104,1935360
43,13,58,58,230916096,1327104,1327104,1327104
43,14,58,58,230916096,1327104,1327104,1327104
43,15,58,58,266194944,1327104,1327104,1935360
43,16,58,58,230916096,1327104,1327104,1327104
43,17,58,58,230916096,1327104,1327104,1327104
43,18,58,58,266194944,1327104,1327104,1935360
43,19,58,58,230916096,1327104,1327104,1327104
43,20,58,58,230916096,1327104,1327104,1327104
43,21,58,58,266194944,1327104,1327104,1935360
43,22,57,57,226934784,1327104,1327104,1327104
43,23,57,57,261605376,1327104,1327104,1935360
43,24,57,57,261605376,1327104,1327104,1935360
43,25,57,57,261605376,1327104,1327104,1935360
43,26,57,57,261605376,1327104,1327104,1935360
44,1,58,58,266194944,1327104,1327104,1935360
44,2,58,58,266194944,1327104,1327104,1935360
44,3,58,58,266194944,1327104,1327104,1935360
44,4,58,58,230916096,1327104,1327104,1327104
44,5,58,58,230916096,1327104,1327104,1327104
44,6,58,58,266194944,1327104,1327104,1935360
44,7,58,58,230916096,1327104,1327104,1327104
44,8,58,58,230916096,1327104,1327104,1327104
44,9,58,58,266194944,1327104,1327104,1935360
44,10,58,58,230916096,1327104,1327104,1327104
44,11,58,58,230916096,1327104,1327104,1327104
44,12,58,58,266194944,1327104,1327104,1935360
44,13,58,58,230916096,1327104,1327104,1327104
44,14,58,58,230916096,1327104,1327104,1327104
44,15,58,58,266194944,1327104,1327104,1935360
44,16,58,58,230916096,1327104,1327104,1327104
44,17,58,58,230916096,1327104,1327104,1327104
44,18,58,58,266194944,1327104,1327104,1935360
44,19,58,58,230916096,1327104,1327104,1327104
44,20,58,58,230916096,1327104,1327104,1327104
44,21,58,58,266194944,1327104,1327104,1935360
44,22,57,57,226934784,1327104,1327104,1327104
44,23,57,57,261605376,1327104,1327104,1935360
44,24,57,57,261605376,1327104,1327104,1935360
44,25,57,57,261605376,1327104,1327104,1935360
44,26,57,57,261605376,1327104,1327104,1935360
45,1,58,58,266194944,1327104,1327104,1935360
45,2,58,58,266194944,1327104,1327104,1935360
45,3,58,58,266194944,1327104,1327104,1935360
45,4,58,58,230916096,1327104,1327104,1327104
45,5,58,58,230916096,1327104,1327104,1327104
45,6,58,58,266194944,1327104,1327104,1935360
45,7,58,58,230916096,1327104,1327104,1327104
45,8,58,58,230916096,1327104,1327104,1327104
45,9,58,58,266194944,1327104,1327104,1935360
45,10,58,58,230916096,1327104,1327104,1327104
45,11,58,58,230916096,1327104,1327104,1327104
45,12,58,58,266194944,1327104,1327104,1935360
45,13,58,58,230916096,1327104,1327104,1327104
45,14,58,58,230916096,1327104,1327104,1327104
45,15,58,58,266194944,1327104,1327104,1935360
45,16,58,58,230916096,1327104,1327104,1327104
45,17,58,58,230916096,1327104,1327104,1327104
45,18,58,58,266194944,1327104,1327104,1935360
45,19,58,58,230916096,1327104,1327104,1327104
45,20,58,58,230916096,1327104,1327104,1327104
45,21,58,58,266194944,1327104,1327104,1935360
45,22,57,57,226934784,1327104,1327104,1327104
45,23,57,57,261605376,1327104,1327104,1935360
45,24,57,57,261605376,1327104,1327104,1935360
45,25,57,57,261605376,1327104,1327104,1935360
45,26,57,57,261605376,1327104,1327104,1935360
46,1,58,58,266194944,1327104,1327104,1935360
46,2,58,58,266194944,1327104,1327104,1935360
46,3,58,58,266194944,1327104,1327104,1935360
46,4,58,58,230916096,1327104,1327104,1327104
46,5,58,58,230916096,1327104,1327104,1327104
46,6,58,58,266194944,1327104,1327104,1935360
46,7,58,58,230916096,1327104,1327104,1327104
46,8,58,58,230916096,1327104,1327104,1327104
46,9,58,58,266194944,1327104,1327104,1935360
46,10,58,58,230916096,1327104,1327104,1327104
46,11,58,58,230916096,1327104,1327104,1327104
46,12,58,58,266194944,1327104,1327104,1935360
46,13,58,58,230916096,1327104,1327104,1327104
46,14,58,58,230916096,1327104,1327104,1327104
46,15,58,58,266194944,1327104,1327104,1935360
46,16,58,58,230916096,1327104,1327104,1327104
46,17,58,58,230916096,1327104,1327104,1327104
46,18,58,58,266194944,1327104,1327104,1935360
46,19,58,58,230916096,1327104,1327104,1327104
46,20,58,58,230916096,1327104,1327104,1327104
46,21,58,58,266194944,1327104,1327104,1935360
46,22,57,57,226934784,1327104,1327104,1327104
46,23,57,57,261605376,1327104,1327104,1935360
46,24,57,57,261605376,1327104,1327104,1935360
46,25,57,57,261605376,1327104,1327104,1935360
46,26,57,57,261605376,1327104,1327104,1935360
47,1,58,58,266194944,1327104,1327104,1935360
47,2,58,58,266194944,1327104,1327104,1935360
47,3,58,58,266194944,1327104,1327104,1935360
47,4,58,58,230916096,1327104,1327104,1327104
47,5,58,58,230916096,1327104,1327104,1327104
47,6,58,58,266194944,1327104,1327104,1935360
47,7,58,58,230916096,1327104,1327104,1327104
47,8,58,58,230916096,1327104,1327104,1327104
47,9,58,58,266194944,1327104,1327104,1935360
47,10,58,58,230916096,1327104,1327104,1327104
47,11,58,58,230916096,1327104,1327104,1327104
47,12,58,58,266194944,1327104,1327104,1935360
47,13,58,58,230916096,1327104,1327104,1327104
47,14,58,58,230916096,1327104,1327104,1327104
47,15,58,58,266194944,1327104,1327104,1935360
47,16,58,58,230916096,1327104,1327104,1327104
47,17,58,58,230916096,1327104,1327104,1327104
47,18,58,58,266194944,1327104,1327104,1935360
47,19,58,58,230916096,1327104,1327104,1327104
47,20,58,58,230916096,1327104,1327104,1327104
47,21,58,58,266194944,1327104,1327104,1935360
47,22,57,57,226934784,1327104,1327104,1327104
47,23,57,57,261605376,1327104,1327104,1935360
47,24,57,57,261605376,1327104,1327104,1935360
47,25,57,57,261605376,1327104,1327104,1935360
47,26,57,57,261605376,1327104,1327104,1935360
48,1,58,58,266194944,1327104,1327104,1935360
48,2,58,58,266194944,1327104,1327104,1935360
48,3,58,58,266194944,1327104,1327104,1935360
48,4,58,58,230916096,1327104,1327104,1327104
48,5,58,58,230916096,1327104,1327104,1327104
48,6,58,58,266194944,1327104,1327104,1935360
48,7,58,58,230916096,1327104,1327104,1327104
48,8,58,58,230916096,1327104,1327104,1327104
48,9,58,58,266194944,1327104,1327104,1935360
48,10,58,58,230916096,1327104,1327104,1327104
48,11,58,58,230916096,1327104,1327104,1327104
48,12,58,58,266194944,1327104,1327104,1935360
48,13,58,58,230916096,1327104,1327104,1327104
48,14,58,58,230916096,1327104,1327104,1327104
48,15,58,58,266194944,1327104,1327104,1935360
48,16,58,58,230916096,1327104,1327104,1327104
48,17,58,58,230916096,1327104,1327104,1327104
48,18,58,58,266194944,1327104,1327104,1935360
48,19,58,58,230916096,1327104,1327104,1327104
48,20,58,58,230916096,1327104,1327104,1327104
48,21,58,58,266194944,1327104,1327104,1935360
48,22,57,57,226934784,1327104,1327104,1327104
48,23,57,57,261605376,1327104,1327104,1935360
48,24,57,57,261605376,1327104,1327104,1935360
48,25,57,57,261605376,1327104,1327104,1935360
48,26,57,57,261605376,1327104,1327104,1935360
49,1,58,58,266194944,1327104,1327104,1935360
49,2,58,58,266194944,1327104,1327104,1935360
49,3,58,58,266194944,1327104,1327104,1935360
49,4,58,58,230916096,1327104,1327104,1327104
49,5,58,58,230916096,1327104,1327104,1327104
49,6,58,58,266194944,1327104,1327104,1935360
49,7,58,58,230916096,1327104,1327104,1327104
49,8,58,58,230916096,1327104,1327104,1327104
49,9,58,58,266194944,1327104,1327104,1935360
49,10,58,58,230916096,1327104,1327104,1327104
49,11,58,58,230916096,1327104,1327104,1327104
49,12,58,58,266194944,1327104,1327104,1935360
49,13,58,58,230916096,1327104,1327104,1327104
49,14,58,58,230916096,1327104,1327104,1327104
49,15,58,58,266194944,1327104,1327104,1935360
49,16,58,58,230916096,1327104,1327104,1327104
49,17,58,58,230916096,1327104,1327104,1327104
49,18,58,58,266194944,1327104,1327104,1935360
49,19,58,58,230916096,1327104,1327104,1327104
49,20,58,58,230916096,1327104,1327104,1327104
49,21,58,58,266194944,1327104,1327104,1935360
49,22,57,57,226934784,1327104,1327104,1327104
49,23,57,57,261605376,1327104,1327104,1935360
49,24,57,57,261605376,1327104,1327104,1935360
49,25,57,57,261605376,1327104,1327104,1935360
49,26,57,57,261605376,1327104,1327104,1935360
50,1,58,58,266194944,1327104,1327104,1935360
50,2,58,58,266194944,1327104,1327104,1935360
50,3,58,58,266194944,1327104,1327104,1935360
50,4,58,58,230916096,1327104,1327104,1327104
50,5,58,58,230916096,1327104,1327104,1327104
50,6,58,58,266194944,1327104,1327104,1935360
50,7,58,58,230916096,1327104,1327104,1327104
50,8,58,58,230916096,1327104,1327104,1327104
50,9,58,58,266194944,1327104,1327104,1935360
50,10,58,58,230916096,1327104,1327104,1327104
50,11,58,58,230916096,1327104,1327104,1327104
50,12,58,58,266194944,1327104,1327104,1935360
50,13,58,58,230916096,1327104,1327104,1327104
50,14,58,58,230916096,1327104,1327104,1327104
50,15,58,58,266194944,1327104,1327104,1935360
50,16,58,58,230916096,1327104,1327104,1327104
50,17,58,58,230916096,1327104,1327104,1327104
50,18,58,58,266194944,1327104,1327104,1935360
50,19,58,58,230916096,1327104,1327104,1327104
50,20,58,58,230916096,1327104,1327104,1327104
50,21,58,58,266194944,1327104,1327104,1935360
50,22,57,57,226934784,1327104,1327104,1327104
50,23,57,57,261605376,1327104,1327104,1935360
50,24,57,57,261605376,1327104,1327104,1935360
50,25,57,57,261605376,1327104,1327104,1935360
50,26,57,57,261605376,1327104,1327104,1935360
51,1,58,58,266194944,1327104,1327104,1935360
51,2,58,58,266194944,1327104,1327104,1935360
51,3,58,58,266194944,1327104,1327104,1935360
51,4,58,58,230916096,1327104,1327104,1327104
51,5,58,58,230916096,1327104,1327104,1327104
51,6,58,58,266194944,1327104,1327104,1935360
51,7,58,58,230916096,1327104,1327104,1327104
51,8,58,58,230916096,1327104,1327104,1327104
51,9,58,58,266194944,1327104,1327104,1935360
51,10,58,58,230916096,1327104,1327104,1327104
51,11,58,58,230916096,1327104,1327104,1327104
51,12,58,58,266194944,1327104,1327104,1935360
51,13,58,58,230916096,1327104,1327104,1327104
51,14,58,58,230916096,1327104,1327104,1327104
51,15,58,58,266194944,1327104,1327104,1935360
51,16,58,58,230916096,1327104,1327104,1327104
51,17,58,58,230916096,1327104,1327104,1327104
51,18,58,58,266194944,1327104,1327104,1935360
51,19,58,58,230916096,1327104,1327104,1327104
51,20,58,58,230916096,1327104,1327104,1327104
51,21,58,58,266194944,1327104,1327104,1935360
51,22,57,57,226934784,1327104,1327104,1327104
51,23,57,57,261605376,1327104,1327104,1935360
51,24,57,57,261605376,1327104,1327104,1935360
51,25,57,57,261605376,1327104,1327104,1935360
51,26,57,57,261605376,1327104,1327104,1935360
52,1,58,58,266194944,1327104,1327104,1935360
52,2,58,58,266194944,1327104,1327104,1935360
52,3,58,58,266194944,1327104,1327104,1935360
52,4,58,58,230916096,1327104,1327104,1327104
52,5,58,58,230916096,1327104,1327104,1327104
52,6,58,58,266194944,1327104,1327104,1935360
52,7,58,58,230916096,1327104,1327104,1327104
52,8,58,58,230916096,1327104,1327104,1327104
52,9,58,58,266194944,1327104,1327104,1935360
52,10,58,58,230916096,1327104,1327104,1327104
52,11,58,58,230916096,1327104,1327104,1327104
52,12,58,58,266194944,1327104,1327104,1935360
52,13,58,58,230916096,1327104,1327104,1327104
52,14,58,58,230916096,1327104,1327104,1327104
52,15,58,58,266194944,1327104,1327104,1935360
52,16,58,58,230916096,1327104,1327104,1327104
52,17,58,58,230916096,1327104,1327104,1327104
52,18,58,58,266194944,1327104,1327104,1935360
52,19,58,58,230916096,1327104,1327104,1327104
52,20,58,58,230916096,1327104,1327104,1327104
52,21,58,58,266194944,1327104,1327104,1935360
52,22,57,57,226934784,1327104,1327104,1327104
52,23,57,57,261605376,1327104,1327104,1935360
52,24,57,57,261605376,1327104,1327104,1935360
52,25,57,57,261605376,1327104,1327104,1935360
52,26,57,57,261605376,1327104,1327104,1935360
53,1,58,58,266194944,1327104,1327104,1935360
53,2,58,58,266194944,1327104,1327104,1935360
53,3,58,58,266194944,1327104,1327104,1935360
53,4,58,58,230916096,1327104,1327104,1327104
53,5,58,58,230916096,1327104,1327104,1327104
53,6,58,58,266194944,1327104,1327104,1935360
53,7,58,58,230916096,1327104,1327104,1327104
53,8,58,58,230916096,1327104,1327104,1327104
53,9,58,58,266194944,1327104,1327104,1935360
53,10,58,58,230916096,1327104,1327104,1327104
53,11,58,58,230916096,1327104,1327104,1327104
53,12,58,58,266194944,1327104,1327104,1935360
53,13,58,58,230916096,1327104,1327104,1327104
53,14,58,58,230916096,1327104,1327104,1327104
53,15,58,58,266194944,1327104,1327104,1935360
53,16,58,58,230916096,1327104,1327104,1327104
53,17,58,58,230916096,1327104,1327104,1327104
53,18,58,58,266194944,1327104,1327104,1935360
53,19,58,58,230916096,1327104,1327104,1327104
53,20,58,58,230916096,1327104,1327104,1327104
53,21,58,58,266194944,1327104,1327104,1935360
53,22,57,57,226934784,1327104,1327104,1327104
53,23,57,57,261605376,1327104,1327104,1935360
53,24,57,57,261605376,1327104,1327104,1935360
53,25,57,57,261605376,1327104,1327104,1935360
53,26,57,57,261605376,1327104,1327104,1935360
54,1,58,58,266194944,1327104,1327104,1935360
54,2,58,58,266194944,1327104,1327104,1935360
54,3,58,58,266194944,1327104,1327104,1935360
54,4,58,58,230916096,1327104,1327104,1327104
54,5,58,58,230916096,1327104,1327104,1327104
54,6,58,58,266194944,1327104,1327104,1935360
54,7,58,58,230916096,1327104,1327104,1327104
54,8,58,58,230916096,1327104,1327104,1327104
54,9,58,58,266194944,1327104,1327104,1935360
54,10,58,58,230916096,1327104,1327104,1327104
54,11,58,58,230916096,1327104,1327104,1327104
54,12,58,58,266194944,1327104,1327104,1935360
54,13,58,58,230916096,1327104,1327104,1327104
54,14,58,58,230916096,1327104,1327104,1327104
54,15,58,58,266194944,1327104,1327104,1935360
54,16,58,58,230916096,1327104,1327104,1327104
54,17,58,58,230916096,1327104,1327104,1327104
54,18,58,58,266194944,1327104,1327104,1935360
54,19,58,58,230916096,1327104,1327104,1327104
54,20,58,58,230916096,1327104,1327104,1327104
54,21,58,58,266194944,1327104,1327104,1935360
54,22,57,57,226934784,1327104,1327104,1327104
54,23,57,57,261605376,1327104,1327104,1935360
54,24,57,57,261605376,1327104,1327104,1935360
54,25,57,57,261605376,1327104,1327104,1935360
54,26,57,57,261605376,1327104,1327104,1935360
55,1,58,58,266194944,1327104,1327104,1935360
55,2,58,58,266194944,1327104,1327104,1935360
55,3,58,58,266194944,1327104,1327104,1935360
55,4,58,58,230916096,1327104,1327104,1327104
55,5,58,58,230916096,1327104,1327104,1327104
55,6,58,58,266194944,1327104,1327104,1935360
55,7,58,58,230916096,1327104,1327104,1327104
55,8,58,58,230916096,1327104,1327104,1327104
55,9,58,58,266194944,1327104,1327104,1935360
55,10,58,58,230916096,1327104,1327104,1327104
55,11,58,58,230916096,1327104,1327104,1327104
55,12,58,58,266194944,1327104,1327104,1935360
55,13,58,58,230916096,1327104,1327104,1327104
55,14,58,58,230916096,1327104,1327104,1327104
55,15,58,58,266194944,1327104,1327104,1935360
55,16,58,58,230916096,1327104,1327104,1327104
55,17,58,58,230916096,1327104,1327104,1327104
55,18,58,58,266194944,1327104,1327104,1935360
55,19,58,58,230916096,1327104,1327104,1327104
55,20,58,58,230916096,1327104,1327104,1327104
55,21,58,58,266194944,1327104,1327104,1935360
55,22,57,57,226934784,1327104,1327104,1327104
55,23,57,57,261605376,1327104,1327104,1935360
55,24,57,57,261605376,1327104,1327104,1935360
55,25,57,57,261605376,1327104,1327104,1935360
55,26,57,57,261605376,1327104,1327104,1935360
56,1,58,58,266194944,1327104,1327104,1935360
56,2,58,58,266194944,1327104,1327104,1935360
56,3,58,58,266194944,1327104,1327104,1935360
56,4,58,58,230916096,1327104,1327104,1327104
56,5,58,58,230916096,1327104,1327104,1327104
56,6,58,58,266194944,1327104,1327104,1935360
56,7,58,58,230916096,1327104,1327104,1327104
56,8,58,58,230916096,1327104,1327104,1327104
56,9,58,58,266194944,1327104,1327104,1935360
56,10,58,58,230916096,1327104,1327104,1327104
56,11,58,58,230916096,1327104,1327104,1327104
56,12,58,58,266194944,1327104,1327104,1935360
56,13,58,58,230916096,1327104,1327104,1327104
56,14,58,58,230916096,1327104,1327104,1327104
56,15,58,58,266194944,1327104,1327104,1935360
56,16,58,58,230916096,1327104,1327104,1327104
56,17,58,58,230916096,1327104,1327104,1327104
56,18,58,58,266194944,1327104,1327104,1935360
56,19,58,58,230916096,1327104,1327104,1327104
56,20,58,58,230916096,1327104,1327104,1327104
56,21,58,58,266194944,1327104,1327104,1935360
56,22,57,57,226934784,1327104,1327104,1327104
56,23,57,57,261605376,1327104,1327104,1935360
56,24,57,57,261605376,1327104,1327104,1935360
56,25,57,57,261605376,1327104,1327104,1935360
56,26,57,57,261605376,1327104,1327104,1935360
57,1,58,58,266194944,1327104,1327104,1935360
57,2,58,58,266194944,1327104,1327104,1935360
57,3,58,58,266194944,1327104,1327104,1935360
57,4,58,58,230916096,1327104,1327104,1327104
57,5,58,58,230916096,1327104,1327104,1327104
57,6,58,58,266194944,1327104,1327104,1935360
57,7,58,58,230916096,1327104,1327104,1327104
57,8,58,58,230916096,1327104,1327104,1327104
57,9,58,58,266194944,1327104,1327104,1935360
57,10,58,58,230916096,1327104,1327104,1327104
57,11,58,58,230916096,1327104,1327104,1327104
57,12,58,58,266194944,1327104,1327104,1935360
57,13,58,58,230916096,1327104,1327104,1327104
57,14,58,58,230916096,1327104,1327104,1327104
57,15,58,58,266194944,1327104,1327104,1935360
57,16,58,58,230916096,1327104,1327104,1327104
57,17,58,58,230916096,1327104,1327104,1327104
57,18,58,58,266194944,1327104,1327104,1935360
57,19,58,58,230916096,1327104,1327104,1327104
57,20,58,58,230916096,1327104,1327104,1327104
57,21,58,58,266194944,1327104,1327104,1935360
57,22,57,57,226934784,1327104,1327104,1327104
57,23,57,57,261605376,1327104,1327104,1935360
57,24,57,57,261605376,1327104,1327104,1935360
57,25,57,57,261605376,1327104,1327104,1935360
57,26,57,57,261605376,1327104,1327104,1935360
58,1,58,58,266194944,1327104,1327104,1935360
58,2,58,58,266194944,1327104,1327104,1935360
58,3,58,58,266194944,1327104,1327104,1935360
58,4,58,58,230916096,1327104,1327104,1327104
58,5,58,58,230916096,1327104,1327104,1327104
58,6,58,58,266194944,1327104,1327104,1935360
58,7,58,58,230916096,1327104,1327104,1327104
58,8,58,58,230916096,1327104,1327104,1327104
58,9,58,58,266194944,1327104,1327104,1935360
58,10,58,58,230916096,1327104,1327104,1327104
58,11,58,58,230916096,1327104,1327104,1327104
58,12,58,58,266194944,1327104,1327104,1935360
58,13,58,58,230916096,1327104,1327104,1327104
58,14,58,58,230916096,1327104,1327104,1327104
58,15,58,58,266194944,1327104,1327104,1935360
58,16,58,58,230916096,1327104,1327104,1327104
58,17,58,58,230916096,1327104,1327104,1327104
58,18,58,58,266194944,1327104,1327104,1935360
58,19,58,58,230916096,1327104,1327104,1327104
58,20,58,58,230916096,1327104,1327104,1327104
58,21,58,58,266194944,1327104,1327104,1935360
58,22,57,57,226934784,1327104,1327104,1327104
58,23,57,57,261605376,1327104,1327104,1935360
58,24,57,57,261605376,1327104,1327104,1935360
58,25,57,57,261605376,1327104,1327104,1935360
58,26,57,57,261605376,1327104,1327104,1935360
59,1,58,58,266194944,1327104,1327104,1935360
59,2,58,58,266194944,1327104,1327104,1935360
59,3,58,58,266194944,1327104,1327104,1935360
59,4,58,58,230916096,1327104,1327104,1327104
59,5,58,58,230916096,1327104,1327104,1327104
59,6,58,58,266194944,1327104,1327104,1935360
59,7,58,58,230916096,1327104,1327104,1327104
59,8,58,58,230916096,1327104,1327104,1327104
59,9,58,58,266194944,1327104,1327104,1935360
59,10,58,58,230916096,1327104,1327104,1327104
59,11,58,58,230916096,1327104,1327104,1327104
59,12,58,58,266194944,1327104,1327104,1935360
59,13,58,58,230916096,1327104,1327104,1327104
59,14,58,58,230916096,1327104,1327104,1327104
59,15,58,58,266194944,1327104,1327104,1935360
59,16,58,58,230916096,1327104,1327104,1327104
59,17,58,58,230916096,1327104,1327104,1327104
59,18,58,58,266194944,1327104,1327104,1935360
59,19,58,58,230916096,1327104,1327104,1327104
59,20,58,58,230916096,1327104,1327104,1327104
59,21,58,58,266194944,1327104,1327104,1935360
59,22,57,57,226934784,1327104,1327104,1327104
59,23,57,57,261605376,1327104,1327104,1935360
59,24,57,57,261605376,1327104,1327104,1935360
59,25,57,57,261605376,1327104,1327104,1935360
59,26,57,57,261605376,1327104,1327104,1935360
60,1,58,58,266194944,1327104,1327104,1935360
60,2,58,58,266194944,1327104,1327104,1935360
60,3,58,58,266194944,1327104,1327104,1935360
60,4,58,58,230916096,1327104,1327104,1327104
60,5,58,58,230916096,1327104,1327104,1327104
60,6,58,58,266194944,1327104,1327104,1935360
60,7,58,58,230916096,1327104,1327104,1327104
60,8,58,58,230916096,1327104,1327104,1327104
60,9,58,58,266194944,1327104,1327104,1935360
60,10,58,58,230916096,1327104,1327104,1327104
60,11,58,58,230916096,1327104,1327104,1327104
60,12,58,58,266194944,1327104,1327104,1935360
60,13,58,58,230916096,1327104,1327104,1327104
60,14,58,58,230916096,1327104,1327104,1327104
60,15,58,58,266194944,1327104,1327104,1935360
60,16,58,58,230916096,1327104,1327104,1327104
60,17,58,58,230916096,1327104,1327104,1327104
60,18,58,58,266194944,1327104,1327104,1935360
60,19,58,58,230916096,1327104,1327104,1327104
60,20,58,58,230916096,1327104,1327104,1327104
60,21,58,58,266194944,1327104,1327104,1935360
60,22,57,57,226934784,1327104,1327104,1327104
60,23,57,57,261605376,1327104,1327104,1935360
60,24,57,57,261605376,1327104,1327104,1935360
60,25,57,57,261605376,1327104,1327104,1935360
60,26,57,57,261605376,1327104,1327104,1935360
61,1,58,58,266194944,1327104,1327104,1935360
61,2,58,58,266194944,1327104,1327104,1935360
61,3,58,58,266194944,1327104,1327104,1935360
61,4,58,58,230916096,1327104,1327104,1327104
61,5,58,58,230916096,1327104,1327104,1327104
61,6,58,58,266194944,1327104,1327104,1935360
61,7,58,58,230916096,1327104,1327104,1327104
61,8,58,58,230916096,1327104,1327104,1327104
61,9,58,58,266194944,1327104,1327104,1935360
61,10,58,58,230916096,1327104,1327104,1327104
61,11,58,58,230916096,1327104,1327104,1327104
61,12,58,58,266194944,1327104,1327104,1935360
61,13,58,58,230916096,1327104,1327104,1327104
61,14,58,58,230916096,1327104,1327104,1327104
61,15,58,58,266194944,1327104,1327104,1935360
61,16,58,58,230916096,1327104,1327104,1327104
61,17,58,58,230916096,1327104,1327104,1327104
61,18,58,58,266194944,1327104,1327104,1935360
61,19,58,58,230916096,1327104,1327104,1327104
61,20,58,58,230916096,1327104,1327104,1327104
61,21,58,58,266194944,1327104,1327104,1935360
61,22,57,57,226934784,1327104,1327104,1327104
61,23,57,57,261605376,1327104,1327104,1935360
61,24,57,57,261605376,1327104,1327104,1935360
61,25,57,57,261605376,1327104,1327104,1935360
61,26,57,57,261605376,1327104,1327104,1935360
62,1,58,58,266194944,1327104,1327104,1935360
62,2,58,58,266194944,1327104,1327104,1935360
62,3,58,58,266194944,1327104,1327104,1935360
62,4,58,58,230916096,1327104,1327104,1327104
62,5,58,58,230916096,1327104,1327104,1327104
62,6,58,58,266194944,1327104,1327104,1935360
62,7,58,58,230916096,1327104,1327104,1327104
62,8,58,58,230916096,1327104,1327104,1327104
62,9,58,58,266194944,1327104,1327104,1935360
62,10,58,58,230916096,1327104,1327104,1327104
62,11,58,58,230916096,1327104,1327104,1327104
62,12,58,58,266194944,1327104,1327104,1935360
62,13,58,58,230916096,1327104,1327104,1327104
62,14,58,58,230916096,1327104,1327104,1327104
62,15,58,58,266194944,1327104,1327104,1935360
62,16,58,58,230916096,1327104,1327104,1327104
62,17,58,58,230916096,1327104,1327104,1327104
62,18,58,58,266194944,1327104,1327104,1935360
62,19,58,58,230916096,1327104,1327104,1327104
62,20,58,58,230916096,1327104,1327104,1327104
62,21,58,58,266194944,1327104,1327104,1935360
62,22,57,57,226934784,1327104,1327104,1327104
62,23,57,57,261605376,1327104,1327104,1935360
62,24,57,57,261605376,1327104,1327104,1935360
62,25,57,57,261605376,1327104,1327104,1935360
62,26,57,57,261605376,1327104,1327104,1935360
63,1,58,58,266194944,1327104,1327104,1935360
63,2,58,58,266194944,1327104,1327104,1935360
63,3,58,58,266194944,1327104,1327104,1935360
63,4,58,58,230916096,1327104,1327104,1327104
63,5,58,58,230916096,1327104,1327104,1327104
63,6,58,58,266194944,1327104,1327104,1935360
63,7,58,58,230916096,1327104,1327104,1327104
63,8,58,58,230916096,1327104,1327104,1327104
63,9,58,58,266194944,1327104,1327104,1935360
63,10,58,58,230916096,1327104,1327104,1327104
63,11,58,58,230916096,1327104,1327104,1327104
63,12,58,58,266194944,1327104,1327104,1935360
63,13,58,58,230916096,1327104,1327104,1327104
63,14,58,58,230916096,1327104,1327104,1327104
63,15,58,58,266194944,1327104,1327104,1935360
63,16,58,58,230916096,1327104,1327104,1327104
63,17,58,58,230916096,1327104,1327104,1327104
63,18,58,58,266194944,1327104,1327104,1935360
63,19,58,58,230916096,1327104,1327104,1327104
63,20,58,58,230916096,1327104,1327104,1327104
63,21,58,58,266194944,1327104,1327104,1935360
63,22,57,57,226934784,1327104,1327104,1327104
63,23,57,57,261605376,1327104,1327104,1935360
63,24,57,57,261605376,1327104,1327104,1935360
63,25,57,57,261605376,1327104,1327104,1935360
63,26,57,57,261605376,1327104,1327104,1935360
64,1,58,58,266194944,1327104,1327104,1935360
64,2,58,58,266194944,1327104,1327104,1935360
64,3,58,58,266194944,1327104,1327104,1935360
64,4,58,58,230916096,1327104,1327104,1327104
64,5,58,58,230916096,1327104,1327104,1327104
64,6,58,58,266194944,1327104,1327104,1935360
64,7,58,58,230916096,1327104,1327104,1327104
64,8,58,58,230916096,1327104,1327104,1327104
64,9,58,58,266194944,1327104,1327104,1935360
64,10,58,58,230916096,1327104,1327104,1327104
64,11,58,58,230916096,1327104,1327104,1327104
64,12,58,58,266194944,1327104,1327104,1935360
64,13,58,58,230916096,1327104,1327104,1327104
64,14,58,58,230916096,1327104,1327104,1327104
64,15,58,58,266194944,1327104,1327104,1935360
64,16,58,58,230916096,1327104,1327104,1327104
64,17,58,58,230916096,1327104,1327104,1327104
64,18,58,58,266194944,1327104,1327104,1935360
64,19,58,58,230916096,1327104,1327104,1327104
64,20,58,58,230916096,1327104,1327104,1327104
64,21,58,58,266194944,1327104,1327104,1935360
64,22,57,57,226934784,1327104,1327104,1327104
64,23,57,57,261605376,1327104,1327104,1935360
64,24,57,57,261605376,1327104,1327104,1935360
64,25,57,57,261605376,1327104,1327104,1935360
64,26,57,57,261605376,1327104,1327104,1935360
65,1,58,58,266194944,1327104,1327104,1935360
65,2,58,58,266194944,1327104,1327104,1935360
65,3,58,58,266194944,1327104,1327104,1935360
65,4,58,58,230916096,1327104,1327104,1327104
65,5,58,58,230916096,1327104,1327104,1327104
65,6,58,58,266194944,1327104,1327104,1935360
65,7,58,58,230916096,1327104,1327104,1327104
65,8,58,58,230916096,1327104,1327104,1327104
65,9,58,58,266194944,1327104,1327104,1935360
65,10,58,58,230916096,1327104,1327104,1327104
65,11,58,58,230916096,1327104,1327104,1327104
65,12,58,58,266194944,1327104,1327104,1935360
65,13,58,58,230916096,1327104,1327104,1327104
65,14,58,58,230916096,1327104,1327104,1327104
65,15,58,58,266194944,1327104,1327104,1935360
65,16,58,58,230916096,1327104,1327104,1327104
65,17,58,58,230916096,1327104,1327104,1327104
65,18,58,58,266194944,1327104,1327104,1935360
65,19,58,58,230916096,1327104,1327104,1327104
65,20,58,58,230916096,1327104,1327104,1327104
65,21,58,58,266194944,1327104,1327104,1935360
65,22,57,57,226934784,1327104,1327104,1327104
65,23,57,57,261605376,1327104,1327104,1935360
65,24,57,57,261605376,1327104,1327104,1935360
65,25,57,57,261605376,1327104,1327104,1935360
65,26,57,57,261605376,1327104,1327104,1935360
66,1,58,58,266194944,1327104,1327104,1935360
66,2,58,58,266194944,1327104,1327104,1935360
66,3,58,58,266194944,1327104,1327104,1935360
66,4,58,58,230916096,1327104,1327104,1327104
66,5,58,58,230916096,1327104,1327104,1327104
66,6,58,58,266194944,1327104,1327104,1935360
66,7,58,58,230916096,1327104,1327104,1327104
66,8,58,58,230916096,1327104,1327104,1327104
66,9,58,58,266194944,1327104,1327104,1935360
66,10,58,58,230916096,1327104,1327104,1327104
66,11,58,58,230916096,1327104,1327104,1327104
66,12,58,58,266194944,1327104,1327104,1935360
66,13,58,58,230916096,1327104,1327104,1327104
66,14,58,58,230916096,1327104,1327104,1327104
66,15,58,58,266194944,1327104,1327104,1935360
66,16,58,58,230916096,1327104,1327104,1327104
66,17,58,58,230916096,1327104,1327104,1327104
66,18,58,58,266194944,1327104,1327104,1935360
66,19,58,58,230916096,1327104,1327104,1327104
66,20,58,58,230916096,1327104,1327104,1327104
66,21,58,58,266194944,1327104,1327104,1935360
66,22,57,57,226934784,1327104,1327104,1327104
66,23,57,57,261605376,1327104,1327104,1935360
66,24,57,57,261605376,1327104,1327104,1935360
66,25,57,57,261605376,1327104,1327104,1935360
66,26,57,57,261605376,1327104,1327104,1935360
