step,il,kind,route_us,readback_us,load_wall_us,pread_us,pread_wall_us,repack_us,placement_us,sync_us,load_other_us,load_hidden_us,compute_us,lookups,hits,misses,n_slots
0,-2,pre,4486,0,0,0,0,0,0,0,0,0,0,0,0,0,0
0,0,dense,4913,0,0,0,0,0,0,0,0,0,0,0,0,0,0
0,1,moe,2224,221,28206,88700,22705,3785,0,7,1709,0,2772,0,0,0,16
0,2,moe,2459,330,26327,65404,16554,0,2972,1,6800,0,2040,16,0,16,16
0,3,moe,1954,172,29602,62841,15982,0,3175,2,10443,0,2513,16,0,16,16
0,4,moe,2689,172,29610,62734,15894,0,3153,1,10562,0,2129,16,0,16,16
0,5,moe,2262,269,24533,54329,13857,0,3179,2,7495,0,2089,16,0,16,16
0,6,moe,2443,331,24934,53265,13544,0,3458,1,7931,0,2084,16,0,16,16
0,7,moe,1750,289,30763,64953,16482,0,2885,1,11395,0,2606,15,0,15,15
0,8,moe,2674,183,34323,77835,19644,0,3229,2,11448,0,2513,16,0,16,16
0,9,moe,2834,154,33227,56366,14351,0,3228,1,15647,0,2585,16,0,16,16
0,10,moe,2534,150,37636,78556,19852,0,3042,1,14741,0,2534,15,0,15,15
0,11,moe,1595,604,36388,64069,16212,0,2873,1,17302,0,2529,15,0,15,15
0,12,moe,2478,564,29513,63431,16060,0,3205,1,10247,0,2510,16,0,16,16
0,13,moe,2734,191,28413,59905,15186,0,2987,1,10239,0,2595,16,0,16,16
0,14,moe,2194,606,33892,75923,19228,0,3101,1,11562,0,2451,16,0,16,16
0,15,moe,1838,701,33173,47952,12174,0,2773,1,18225,0,2438,15,0,15,15
0,16,moe,2464,203,36496,67429,17174,0,3086,2,16234,0,2419,16,0,16,16
0,17,moe,2211,260,33334,50485,12886,0,3245,1,17202,0,1435,16,0,16,16
0,18,moe,1572,248,32331,69824,17548,0,2975,2,11806,0,1930,16,0,16,16
0,19,moe,943,265,32165,67628,17343,0,2838,1,11983,0,1601,15,0,15,15
0,20,moe,1493,518,40875,100814,26023,0,3079,1,11772,0,2206,16,0,16,16
0,21,moe,2843,164,32233,56536,14574,0,3276,0,14383,0,2001,16,0,16,16
0,22,moe,2251,308,36482,90486,22688,0,2934,1,10859,0,1899,16,0,16,16
0,23,moe,1389,304,33004,55274,14088,0,3163,1,15752,0,2471,16,0,16,16
0,24,moe,2114,579,30071,60713,15427,0,3050,0,11594,0,1972,16,0,16,16
0,25,moe,2664,157,23878,45612,11636,0,2983,0,9259,0,1875,16,0,16,16
0,26,moe,1447,159,16651,8418,2276,0,1723,1,12651,0,1256,8,0,8,8
0,-1,epi,0,0,0,0,0,0,0,0,8497,0,0,0,0,0,0
1,-2,pre,195,0,0,0,0,0,0,0,0,0,0,0,0,0,0
1,0,dense,2649,0,0,0,0,0,0,0,0,0,0,0,0,0,0
1,1,moe,2450,152,23437,23608,6101,0,2687,1,14648,0,1943,12,0,12,12
1,2,moe,1873,143,10651,38675,9839,0,2381,0,0,1569,2616,13,0,13,13
1,3,moe,1250,493,10456,37666,9613,0,2721,1,0,1879,1803,14,0,14,14
1,4,moe,1790,115,11996,43396,11015,0,2886,1,0,1906,2291,16,1,15,16
1,5,moe,2432,282,13029,47750,12075,0,2711,1,0,1758,2014,14,0,14,14
1,6,moe,2807,664,9302,33014,8503,0,2553,1,0,1755,2293,15,2,13,15
1,7,moe,1281,148,11094,39613,10182,0,2757,2,0,1847,2187,15,1,14,15
1,8,moe,1576,565,10798,38699,9928,0,2774,1,0,1905,2265,14,0,14,14
1,9,moe,2048,159,9155,32739,8409,0,2234,1,0,1489,1756,15,4,11,15
1,10,moe,2207,132,7017,24940,6383,0,1945,0,0,1311,1512,15,5,10,15
1,11,moe,1884,586,11072,39757,10155,0,2998,1,0,2082,1810,15,0,15,15
1,12,moe,1945,151,8245,29192,7486,0,2220,1,0,1462,1858,15,3,12,15
1,13,moe,1830,114,9808,35012,8938,0,2859,1,0,1990,2157,16,2,14,16
1,14,moe,2211,315,8960,32306,8210,0,2249,1,0,1500,2337,16,4,12,16
1,15,moe,1737,146,11058,40184,10163,0,2599,1,0,1705,2197,15,1,14,15
1,16,moe,1084,532,12248,44462,11335,0,2744,0,0,1831,1888,16,1,15,16
1,17,moe,1264,138,10472,37968,9633,0,2567,0,0,1728,2283,14,1,13,14
1,18,moe,2377,311,13036,48256,12141,0,3004,1,0,2110,1707,15,0,15,15
1,19,moe,816,303,15134,55987,14246,0,2659,1,0,1772,2420,15,1,14,15
1,20,moe,2940,146,12788,46308,11844,0,3006,1,0,2063,2664,16,1,15,16
1,21,moe,2491,171,10486,38199,9753,0,2341,0,0,1608,2333,16,4,12,16
1,22,moe,1626,276,11557,41898,10849,0,2072,1,0,1365,1302,15,4,11,15
1,23,moe,818,149,11249,40909,10403,0,2895,0,0,2049,1702,16,2,14,16
1,24,moe,1532,239,11311,41440,10577,0,2414,1,0,1681,1104,14,3,11,14
1,25,moe,1182,292,9661,34039,8692,0,2998,1,0,2030,2571,16,1,15,16
1,26,moe,1618,308,5404,18472,4818,0,1670,1,0,1085,1297,8,0,8,8
1,-1,epi,0,0,0,0,0,0,0,0,7658,0,0,0,0,0,0
2,-2,pre,20348,0,0,0,0,0,0,0,0,0,0,0,0,0,0
2,0,dense,23930,0,0,0,0,0,0,0,0,0,0,0,0,0,0
2,1,moe,11497,171,546954,987599,249176,131049,6262,2,160465,0,46422,0,0,0,241
2,2,moe,11704,2185,245641,647253,162919,40246,4690,2,37784,0,19088,0,0,0,232
2,3,moe,6283,144,230760,547862,137912,45788,5981,2,41077,0,20715,0,0,0,228
2,4,moe,8407,2773,205445,500138,125849,37105,4636,2,37853,0,24617,0,0,0,221
2,5,moe,7084,1509,184217,454901,114521,33362,4632,1,31701,0,22984,0,0,0,199
2,6,moe,7686,1339,206039,520330,131443,35239,4528,1,34828,0,21256,0,0,0,211
2,7,moe,5446,1451,194072,482043,121316,33435,4610,1,34710,0,19477,0,0,0,201
2,8,moe,7765,1552,193699,474912,119665,34721,4389,1,34923,0,19819,0,0,0,207
2,9,moe,7686,1314,188182,458604,115333,33712,4636,1,34500,0,21174,0,0,0,202
2,10,moe,7913,229,183380,474237,119379,34622,5332,2,24045,0,21241,0,0,0,209
2,11,moe,5438,1455,204198,505368,127190,35782,4308,0,36918,0,23811,0,0,0,214
2,12,moe,7762,1511,197443,484999,121905,33872,5228,2,36436,0,20447,0,0,0,203
2,13,moe,8108,1367,197471,488375,122866,34911,4625,2,35067,0,24203,0,0,0,210
2,14,moe,8302,1501,196776,479659,120702,35350,4528,1,36195,0,24001,0,0,0,213
2,15,moe,5270,1448,207584,518010,130332,35953,4430,1,36868,0,27778,0,0,0,218
2,16,moe,8344,1461,190059,466758,117488,33933,4160,2,34476,0,22764,0,0,0,205
2,17,moe,7714,1427,197156,487318,122488,35674,4780,1,34213,0,24350,0,0,0,213
2,18,moe,7562,1481,205970,507577,127769,36327,4528,2,37344,0,22617,0,0,0,217
2,19,moe,5831,1543,199679,484906,122061,36002,4223,1,37392,0,21268,0,0,0,216
2,20,moe,7160,1496,207211,509440,128201,37598,4174,2,37236,0,19685,0,0,0,226
2,21,moe,7053,1581,200336,494182,124262,35407,4750,1,35916,0,19206,0,0,0,211
2,22,moe,7521,2976,194982,481368,121081,35144,4382,2,34373,0,18957,0,0,0,208
2,23,moe,5248,1399,205690,511728,128779,36223,4564,2,36122,0,20635,0,0,0,216
2,24,moe,8304,202,182336,466909,117519,34991,4620,2,25204,0,19787,0,0,0,205
2,25,moe,7058,2979,206136,511120,128645,36370,4083,3,37035,0,21452,0,0,0,205
2,26,moe,4470,0,6,0,0,0,0,0,6,0,159,0,0,0,0
2,-1,epi,0,0,0,0,0,0,0,0,156,0,0,0,0,0,0
3,-2,pre,3489,0,0,0,0,0,0,0,0,0,0,0,0,0,0
3,0,dense,2149,0,0,0,0,0,0,0,0,0,0,0,0,0,0
3,1,moe,967,2513,17076,64720,16402,0,1912,2,0,1240,1136,26,2,24,26
3,2,moe,884,362,13748,51265,13106,0,1980,2,0,1340,1315,24,1,23,24
3,3,moe,1258,166,14853,55623,14185,0,2267,1,0,1600,1288,24,0,24,24
3,4,moe,896,192,9718,36286,9275,0,1303,2,0,862,1308,16,0,16,16
3,5,moe,1155,156,10564,39674,10069,0,1378,2,0,885,1159,18,1,17,18
3,6,moe,920,218,11722,43923,11186,0,1490,1,0,955,1282,20,1,19,20
3,7,moe,954,174,12192,43150,11112,0,1955,3,0,878,1353,22,3,19,22
3,8,moe,941,218,9605,35801,9136,0,2321,1,0,1853,1317,18,2,16,18
3,9,moe,995,226,10747,40261,10253,0,2644,1,0,2151,1284,21,3,18,21
3,10,moe,894,166,12131,45427,11567,0,1586,1,0,1023,1175,25,5,20,25
3,11,moe,854,196,11694,43238,11074,0,1653,2,0,1035,1201,24,5,19,24
3,12,moe,1057,214,11226,42285,10728,0,1413,1,0,916,1589,20,2,18,20
3,13,moe,1124,190,12018,44758,11401,0,1715,1,0,1099,1154,21,2,19,21
3,14,moe,910,440,11579,43610,11054,0,1545,2,0,1022,1607,20,1,19,20
3,15,moe,1031,144,15507,58827,14904,0,1667,2,0,1066,1406,23,2,21,23
3,16,moe,995,252,22978,58703,22257,0,1826,1,0,1106,1486,24,1,23,24
3,17,moe,1065,182,15307,52904,13451,0,3042,3,0,1189,1570,24,1,23,24
3,18,moe,1031,222,13055,48423,12275,0,2120,3,0,1343,1489,23,2,21,23
3,19,moe,989,229,14701,53920,13749,0,4107,2,0,3157,1617,25,2,23,25
3,20,moe,1239,230,13670,50821,12861,0,3089,2,0,2282,1593,24,2,22,24
3,21,moe,1199,240,15293,55856,14164,0,2758,3,0,1632,1856,24,0,24,24
3,22,moe,1314,223,10901,38732,10048,0,3146,2,0,2295,1829,26,0,26,26
3,23,moe,1121,229,6080,19334,5360,0,4089,2,0,3371,2083,25,0,25,25
3,24,moe,1629,257,4918,15703,4341,0,3340,3,0,2766,1712,23,3,20,23
3,25,moe,861,196,5745,15843,4976,0,3829,1,0,3061,1165,26,2,24,26
3,26,moe,829,303,6264,22396,5879,0,1289,3,0,907,532,8,3,5,8
3,-1,epi,0,0,0,0,0,0,0,0,3432,0,0,0,0,0,0
4,-2,pre,289,0,0,0,0,0,0,0,0,0,0,0,0,0,0
4,0,dense,1840,0,0,0,0,0,0,0,0,0,0,0,0,0,0
4,1,moe,736,211,5186,19051,4996,0,421,2,0,233,1222,8,2,6,8
4,2,moe,801,175,3323,11101,3044,0,396,2,0,119,668,8,3,5,8
4,3,moe,915,179,2015,6843,1906,0,178,0,0,69,1098,8,5,3,8
4,4,moe,804,195,2596,9155,2475,0,239,1,0,119,795,8,4,4,8
4,5,moe,938,142,2690,9253,2553,0,250,1,0,114,1147,8,4,4,8
4,6,moe,783,189,1490,4594,1415,0,116,1,0,42,1068,8,6,2,8
4,7,moe,644,271,952,2114,851,0,90,1,10,0,488,8,7,1,8
4,8,moe,750,202,1985,6728,1888,0,180,0,0,83,1096,8,5,3,8
4,9,moe,777,212,2033,7341,1941,0,186,1,0,95,917,8,5,3,8
4,10,moe,1068,107,2064,6968,1947,0,192,1,0,76,1078,8,5,3,8
4,11,moe,735,188,1972,6500,1877,0,189,0,0,94,1011,8,5,3,8
4,12,moe,788,239,1521,4821,1390,0,341,2,0,212,517,8,6,2,8
4,13,moe,731,199,3184,11306,3031,0,353,0,0,200,1082,8,3,5,8
4,14,moe,773,205,2125,7016,1958,0,373,2,0,208,702,8,5,3,8
4,15,moe,607,220,2026,6964,1922,0,193,0,0,89,1012,8,5,3,8
4,16,moe,768,253,1413,4449,1341,0,117,0,0,45,967,8,6,2,8
4,17,moe,860,258,2710,9457,2570,0,243,1,0,104,868,8,4,4,8
4,18,moe,768,215,1450,4463,1362,0,119,0,0,31,995,8,6,2,8
4,19,moe,588,195,884,2211,836,0,56,0,0,8,459,8,7,1,8
4,20,moe,1009,128,1446,4727,1370,0,129,1,0,54,504,8,6,2,8
4,21,moe,747,216,917,2421,867,0,57,1,0,8,474,8,7,1,8
4,22,moe,730,196,1221,3971,1146,0,122,1,0,48,471,8,6,2,8
4,23,moe,555,195,832,1625,654,0,457,0,0,279,657,8,5,3,8
4,24,moe,918,132,802,2102,674,0,434,0,0,306,529,8,4,4,8
4,25,moe,741,196,867,2474,737,0,501,1,0,372,499,8,4,4,8
4,26,moe,559,237,3533,11349,3057,0,1017,1,0,542,651,8,3,5,8
4,-1,epi,0,0,0,0,0,0,0,0,3805,0,0,0,0,0,0
5,-2,pre,353,0,0,0,0,0,0,0,0,0,0,0,0,0,0
5,0,dense,1243,1,0,0,0,0,0,0,0,0,0,0,0,0,0
5,1,moe,737,208,2799,9856,2660,0,645,2,0,508,611,8,4,4,8
5,2,moe,759,211,1439,4642,1360,0,120,0,0,41,1099,8,6,2,8
5,3,moe,579,200,857,2072,809,0,54,0,0,6,457,8,7,1,8
5,4,moe,737,198,825,2152,777,0,58,1,0,11,567,8,7,1,8
5,5,moe,940,107,916,2327,863,0,57,0,0,4,496,8,7,1,8
5,6,moe,736,206,893,2396,848,0,58,0,0,13,500,8,7,1,8
5,7,moe,546,195,801,2108,753,0,61,0,0,13,468,8,7,1,8
5,8,moe,734,202,944,2329,868,0,104,2,0,30,592,8,7,1,8
5,9,moe,842,186,1431,4541,1357,0,125,1,0,52,999,8,6,2,8
5,10,moe,756,198,1979,7078,1882,0,174,0,0,77,997,8,5,3,8
5,11,moe,588,198,1586,5041,1473,0,187,0,0,74,666,8,6,2,8
5,12,moe,746,219,1389,4400,1315,0,120,0,0,46,955,8,6,2,8
5,13,moe,763,180,1952,6883,1864,0,178,0,0,90,1051,8,5,3,8
5,14,moe,757,200,22,0,0,0,0,0,22,0,463,8,8,0,8
5,15,moe,640,94,1455,4743,1387,0,164,0,0,96,493,8,6,2,8
5,16,moe,761,204,2072,7154,1983,0,183,0,0,94,479,8,5,3,8
5,17,moe,757,193,2031,6957,1942,0,178,0,0,89,1058,8,5,3,8
5,18,moe,933,100,1385,4465,1311,0,122,0,0,48,550,8,6,2,8
5,19,moe,554,163,1429,4626,1360,0,116,0,0,47,482,8,6,2,8
5,20,moe,727,196,858,2148,814,0,53,0,0,9,471,8,7,1,8
5,21,moe,732,193,855,2311,811,0,78,0,0,34,651,8,7,1,8
5,22,moe,920,94,1097,3203,1029,0,120,0,0,52,534,8,6,2,8
5,23,moe,552,282,230,425,189,0,58,0,0,17,466,8,7,1,8
5,24,moe,727,206,22,0,0,0,0,0,22,0,454,8,8,0,8
5,25,moe,733,193,242,432,197,0,60,0,0,15,457,8,7,1,8
5,26,moe,557,180,1635,4819,1482,0,389,1,0,237,671,8,6,2,8
5,-1,epi,0,0,0,0,0,0,0,0,3381,0,0,0,0,0,0
6,-2,pre,326,0,0,0,0,0,0,0,0,0,0,0,0,0,0
6,0,dense,1253,0,0,0,0,0,0,0,0,0,0,0,0,0,0
6,1,moe,749,203,1511,4930,1435,0,124,0,0,48,860,8,6,2,8
6,2,moe,962,109,3731,13426,3562,0,396,1,0,228,1041,8,2,6,8
6,3,moe,570,200,2008,6917,1913,0,181,0,0,86,1192,8,5,3,8
6,4,moe,939,172,3222,11629,3081,0,420,1,0,280,531,8,3,5,8
6,5,moe,740,208,3807,13636,3590,0,446,1,0,230,573,8,2,6,8
6,6,moe,911,115,2038,6868,1940,0,176,1,0,79,496,8,5,3,8
6,7,moe,569,198,2596,9072,2479,0,245,1,0,129,708,8,4,4,8
6,8,moe,863,110,3684,13345,3516,0,418,1,0,251,1120,8,2,6,8
6,9,moe,773,209,2596,9224,2475,0,251,0,0,130,1054,8,4,4,8
6,10,moe,867,257,2122,7425,2029,0,264,0,0,171,519,8,5,3,8
6,11,moe,638,190,2629,9412,2513,0,237,0,0,121,1104,8,4,4,8
6,12,moe,885,118,2573,9001,2449,0,269,1,0,146,1024,8,4,4,8
6,13,moe,788,198,3124,11134,2990,0,308,1,0,175,898,8,3,5,8
6,14,moe,755,209,2004,6747,1906,0,185,1,0,88,578,8,5,3,8
6,15,moe,724,162,3079,10803,2946,0,311,0,0,178,844,8,3,5,8
6,16,moe,757,209,2524,8883,2410,0,250,0,0,136,582,8,4,4,8
6,17,moe,941,137,852,2211,801,0,60,0,0,9,634,8,7,1,8
6,18,moe,731,207,2473,8825,2360,0,237,0,0,124,1043,8,4,4,8
6,19,moe,621,209,2027,6905,1901,0,213,1,0,88,674,8,5,3,8
6,20,moe,786,215,1417,4420,1351,0,113,1,0,48,492,8,6,2,8
6,21,moe,722,192,1463,4539,1393,0,117,0,0,47,1010,8,6,2,8
6,22,moe,836,263,670,1237,623,0,56,0,0,9,535,8,7,1,8
6,23,moe,682,175,643,1664,542,0,287,0,0,186,593,8,5,3,8
6,24,moe,833,196,973,2588,827,0,503,0,0,357,568,8,3,5,8
6,25,moe,734,198,776,2219,641,0,462,0,0,327,548,8,4,4,8
6,26,moe,571,188,3328,11056,3000,0,987,0,0,659,538,8,3,5,8
6,-1,epi,0,0,0,0,0,0,0,0,3340,0,0,0,0,0,0
7,-2,pre,323,0,0,0,0,0,0,0,0,0,0,0,0,0,0
7,0,dense,1307,1,0,0,0,0,0,0,0,0,0,0,0,0,0
7,1,moe,783,196,4317,15529,4129,0,606,1,0,419,545,8,1,7,8
7,2,moe,748,195,3099,11178,2961,0,325,0,0,187,1087,8,3,5,8
7,3,moe,639,116,3339,11552,3162,0,550,1,0,374,478,8,3,5,8
7,4,moe,753,205,2029,6872,1936,0,182,0,0,89,1089,8,5,3,8
7,5,moe,815,221,3220,11543,3078,0,353,0,0,211,611,8,3,5,8
7,6,moe,758,207,2031,6894,1939,0,173,0,0,81,498,8,5,3,8
7,7,moe,599,245,3825,13707,3664,0,688,1,0,528,557,8,2,6,8
7,8,moe,763,379,3208,11341,3076,0,326,0,0,194,1065,8,3,5,8
7,9,moe,780,176,3151,11366,3008,0,542,0,0,399,699,8,3,5,8
7,10,moe,752,194,3317,12192,3181,0,313,0,0,177,1095,8,3,5,8
7,11,moe,688,159,2566,8935,2450,0,257,1,0,142,518,8,4,4,8
7,12,moe,820,234,4279,15604,4082,0,505,1,0,309,681,8,1,7,8
7,13,moe,874,126,2580,8889,2465,0,256,1,0,142,990,8,4,4,8
7,14,moe,909,198,2633,9349,2516,0,240,1,0,124,1125,8,4,4,8
7,15,moe,637,108,3876,13893,3715,0,405,1,0,245,844,8,2,6,8
7,16,moe,770,183,3795,13624,3626,0,403,0,0,234,1158,8,2,6,8
7,17,moe,855,120,3350,11892,3206,0,310,0,0,166,503,8,3,5,8
7,18,moe,740,196,2029,7087,1933,0,186,1,0,91,1129,8,5,3,8
7,19,moe,693,284,3822,13930,3661,0,384,0,0,223,1083,8,2,6,8
7,20,moe,745,199,2563,9197,2439,0,240,0,0,116,819,8,4,4,8
7,21,moe,921,143,2579,8977,2464,0,245,0,0,130,489,8,4,4,8
7,22,moe,748,202,2259,7804,2133,0,244,0,0,118,970,8,4,4,8
7,23,moe,678,245,720,1948,620,0,249,0,0,149,654,8,5,3,8
7,24,moe,941,153,1056,2688,871,0,558,1,0,374,456,8,3,5,8
7,25,moe,744,181,405,975,334,0,145,0,0,74,447,8,6,2,8
7,26,moe,546,193,2738,9054,2463,0,728,0,0,453,807,8,4,4,8
7,-1,epi,0,0,0,0,0,0,0,0,4293,0,0,0,0,0,0
8,-2,pre,319,0,0,0,0,0,0,0,0,0,0,0,0,0,0
8,0,dense,1214,0,0,0,0,0,0,0,0,0,0,0,0,0,0
8,1,moe,726,198,4655,16961,4464,0,721,1,0,531,537,8,1,7,8
8,2,moe,838,210,2026,7209,1931,0,183,1,0,89,946,8,5,3,8
8,3,moe,593,183,3297,11561,3100,0,381,0,0,184,696,8,3,5,8
8,4,moe,802,197,3150,11023,3014,0,297,1,0,162,1006,8,3,5,8
8,5,moe,759,204,2076,7392,1981,0,203,1,0,109,678,8,5,3,8
8,6,moe,1010,264,3286,11499,3146,0,301,1,0,162,1044,8,3,5,8
8,7,moe,576,206,2065,7198,1970,0,181,0,0,86,606,8,5,3,8
8,8,moe,985,125,3142,11084,3006,0,316,0,0,180,1070,8,3,5,8
8,9,moe,767,214,2746,9441,2623,0,407,0,0,284,682,8,4,4,8
8,10,moe,885,112,3741,13575,3581,0,409,0,0,249,1013,8,2,6,8
8,11,moe,587,201,1479,4843,1405,0,129,0,0,55,1137,8,6,2,8
8,12,moe,886,112,3939,14475,3781,0,398,0,0,240,1080,8,2,6,8
8,13,moe,753,177,1428,4698,1356,0,115,0,0,43,1111,8,6,2,8
8,14,moe,974,141,1965,6882,1867,0,186,0,0,88,967,8,5,3,8
8,15,moe,587,197,1469,4688,1402,0,114,0,0,47,1014,8,6,2,8
8,16,moe,756,212,3886,14093,3728,0,502,1,0,345,536,8,2,6,8
8,17,moe,766,134,1376,4482,1307,0,126,0,0,57,864,8,6,2,8
8,18,moe,762,204,810,2081,764,0,59,1,0,14,630,8,7,1,8
8,19,moe,661,136,868,2254,817,0,60,1,0,10,470,8,7,1,8
8,20,moe,738,195,862,2223,816,0,56,0,0,10,476,8,7,1,8
8,21,moe,849,217,1361,4405,1294,0,122,1,0,56,943,8,6,2,8
8,22,moe,748,199,2092,7111,1995,0,213,0,0,116,570,8,5,3,8
8,23,moe,815,172,19,0,0,0,0,0,19,0,464,8,8,0,8
8,24,moe,722,208,675,1866,582,0,333,0,0,240,493,8,5,3,8
8,25,moe,723,197,249,430,202,0,60,0,0,13,466,8,7,1,8
8,26,moe,605,202,2283,7452,2063,0,523,0,0,303,523,8,5,3,8
8,-1,epi,0,0,0,0,0,0,0,0,3268,0,0,0,0,0,0
9,-2,pre,414,0,0,0,0,0,0,0,0,0,0,0,0,0,0
9,0,dense,1212,0,0,0,0,0,0,0,0,0,0,0,0,0,0
9,1,moe,742,199,2844,9787,2600,0,530,0,0,286,628,8,3,5,8
9,2,moe,971,147,2132,7466,2042,0,187,0,0,97,902,8,5,3,8
9,3,moe,580,201,2096,7136,2000,0,176,0,0,80,1022,8,5,3,8
9,4,moe,798,234,2238,7390,2076,0,296,1,0,135,566,8,5,3,8
9,5,moe,738,212,3194,11548,3056,0,300,0,0,162,1026,8,3,5,8
9,6,moe,760,210,2161,6843,2003,0,308,0,0,150,616,8,5,3,8
9,7,moe,587,192,3947,14563,3788,0,376,0,0,217,1121,8,2,6,8
9,8,moe,752,199,1496,4565,1391,0,145,1,0,41,583,8,6,2,8
9,9,moe,913,200,844,2209,797,0,59,0,0,12,503,8,7,1,8
9,10,moe,726,208,2604,9113,2491,0,243,0,0,130,1161,8,4,4,8
9,11,moe,594,156,2909,10321,2787,0,452,1,0,331,668,8,4,4,8
9,12,moe,758,135,3171,11306,2980,0,313,1,0,123,890,8,3,5,8
9,13,moe,799,223,2135,7327,2016,0,196,0,0,77,762,8,5,3,8
9,14,moe,762,192,2024,7079,1929,0,201,0,0,106,516,8,5,3,8
9,15,moe,549,196,1487,4729,1416,0,117,0,0,46,1025,8,6,2,8
9,16,moe,819,239,3276,11563,3138,0,558,1,0,421,504,8,3,5,8
9,17,moe,732,204,2615,9228,2498,0,231,0,0,114,1190,8,4,4,8
9,18,moe,846,100,1960,6611,1864,0,182,0,0,86,510,8,5,3,8
9,19,moe,569,154,1455,4779,1386,0,117,0,0,48,496,8,6,2,8
9,20,moe,729,193,1966,6875,1871,0,189,0,0,94,1083,8,5,3,8
9,21,moe,921,101,2639,9322,2521,0,367,0,0,249,502,8,4,4,8
9,22,moe,728,200,2038,7039,1946,0,175,0,0,83,992,8,5,3,8
9,23,moe,593,185,1612,5253,1513,0,229,0,0,130,686,8,5,3,8
9,24,moe,970,107,936,2324,834,0,203,1,0,102,614,8,5,3,8
9,25,moe,745,223,603,1589,506,0,275,0,0,178,474,8,5,3,8
9,26,moe,561,148,3236,10935,2964,0,707,1,0,436,501,8,3,5,8
9,-1,epi,0,0,0,0,0,0,0,0,4300,0,0,0,0,0,0
10,-2,pre,418,0,0,0,0,0,0,0,0,0,0,0,0,0,0
10,0,dense,1214,0,0,0,0,0,0,0,0,0,0,0,0,0,0
10,1,moe,721,199,2189,7137,2091,0,191,0,0,93,555,8,5,3,8
10,2,moe,1014,108,2630,8941,2510,0,242,0,0,122,597,8,4,4,8
10,3,moe,561,208,1996,6879,1900,0,184,1,0,89,1015,8,5,3,8
10,4,moe,899,126,1427,4697,1363,0,232,0,0,168,534,8,6,2,8
10,5,moe,746,191,1467,4532,1395,0,121,1,0,50,501,8,6,2,8
10,6,moe,725,204,2617,9411,2496,0,241,0,0,120,1155,8,4,4,8
10,7,moe,687,146,1395,4367,1320,0,125,1,0,51,494,8,6,2,8
10,8,moe,740,190,1398,4456,1327,0,117,0,0,46,915,8,6,2,8
10,9,moe,747,214,2127,7039,2034,0,187,0,0,94,705,8,5,3,8
10,10,moe,999,141,2619,9158,2502,0,267,0,0,150,527,8,4,4,8
10,11,moe,599,183,2010,6900,1915,0,177,0,0,82,990,8,5,3,8
10,12,moe,839,318,1525,4814,1422,0,281,0,0,178,623,8,6,2,8
10,13,moe,738,207,1407,4402,1337,0,115,0,0,45,831,8,6,2,8
10,14,moe,745,222,1990,6677,1900,0,188,0,0,98,1084,8,5,3,8
10,15,moe,700,241,1583,4928,1519,0,121,0,0,57,510,8,6,2,8
10,16,moe,837,192,1459,4828,1391,0,114,0,0,46,1009,8,6,2,8
10,17,moe,742,204,841,2178,795,0,83,0,0,37,659,8,7,1,8
10,18,moe,1005,118,1419,4480,1341,0,126,0,0,48,1101,8,6,2,8
10,19,moe,606,187,1485,4648,1412,0,117,0,0,44,494,8,6,2,8
10,20,moe,739,192,834,2219,788,0,57,0,0,11,451,8,7,1,8
10,21,moe,742,206,1544,4686,1444,0,272,1,0,173,580,8,6,2,8
10,22,moe,788,199,1447,4499,1380,0,116,0,0,49,476,8,6,2,8
10,23,moe,551,178,821,2064,777,0,58,0,0,14,451,8,7,1,8
10,24,moe,716,194,378,937,308,0,146,1,0,77,462,8,6,2,8
10,25,moe,759,201,1021,2582,898,0,494,0,0,371,636,8,4,4,8
10,26,moe,862,197,870,2286,810,0,67,0,0,7,428,8,7,1,8
10,-1,epi,0,0,0,0,0,0,0,0,3166,0,0,0,0,0,0
11,-2,pre,328,0,0,0,0,0,0,0,0,0,0,0,0,0,0
11,0,dense,1202,0,0,0,0,0,0,0,0,0,0,0,0,0,0
11,1,moe,806,204,2256,7539,2157,0,257,0,0,158,500,8,5,3,8
11,2,moe,821,193,1413,4599,1342,0,115,0,0,44,988,8,6,2,8
11,3,moe,580,166,2797,10115,2685,0,231,1,0,120,616,8,4,4,8
11,4,moe,933,163,1476,4694,1404,0,115,0,0,43,1060,8,6,2,8
11,5,moe,793,196,858,2248,811,0,57,0,0,10,466,8,7,1,8
11,6,moe,726,194,848,2057,802,0,57,0,0,11,528,8,7,1,8
11,7,moe,580,259,1533,4624,1424,0,198,1,0,90,465,8,6,2,8
11,8,moe,779,200,1411,4446,1346,0,112,0,0,47,802,8,6,2,8
11,9,moe,751,202,1514,4709,1444,0,117,0,0,47,998,8,6,2,8
11,10,moe,862,141,936,2412,863,0,219,0,0,146,568,8,6,2,8
11,11,moe,639,182,2006,6952,1916,0,173,0,0,83,492,8,5,3,8
11,12,moe,727,187,888,2367,839,0,62,0,0,13,530,8,7,1,8
11,13,moe,872,110,860,2267,810,0,60,0,0,10,508,8,7,1,8
11,14,moe,728,210,1980,6778,1891,0,187,0,0,98,1089,8,5,3,8
11,15,moe,582,156,841,2145,799,0,55,0,0,13,461,8,7,1,8
11,16,moe,723,201,903,2387,857,0,59,0,0,13,667,8,7,1,8
11,17,moe,837,100,1375,4325,1310,0,123,0,0,58,484,8,6,2,8
11,18,moe,743,168,2026,7099,1933,0,179,0,0,86,494,8,5,3,8
11,19,moe,540,201,1987,6844,1893,0,186,0,0,92,1058,8,5,3,8
11,20,moe,913,112,1471,4516,1391,0,216,1,0,137,592,8,6,2,8
11,21,moe,832,191,1943,6788,1853,0,187,0,0,97,977,8,5,3,8
11,22,moe,767,208,1444,4584,1377,0,117,1,0,51,1122,8,6,2,8
11,23,moe,627,165,909,2274,853,0,61,0,0,5,519,8,7,1,8
11,24,moe,736,313,462,555,420,0,56,0,0,14,486,8,7,1,8
11,25,moe,725,200,233,419,189,0,58,0,0,14,457,8,7,1,8
11,26,moe,557,191,26,0,0,0,0,0,26,0,454,8,8,0,8
11,-1,epi,0,0,0,0,0,0,0,0,3996,0,0,0,0,0,0
12,-2,pre,348,0,0,0,0,0,0,0,0,0,0,0,0,0,0
12,0,dense,1344,0,0,0,0,0,0,0,0,0,0,0,0,0,0
12,1,moe,745,201,2567,9174,2439,0,258,1,0,131,595,8,4,4,8
12,2,moe,954,117,1468,4584,1395,0,122,0,0,49,512,8,6,2,8
12,3,moe,586,189,1410,4525,1343,0,119,0,0,52,496,8,6,2,8
12,4,moe,734,199,2023,6867,1930,0,181,0,0,88,1009,8,5,3,8
12,5,moe,810,226,1648,4977,1502,0,238,1,0,93,779,8,5,3,8
12,6,moe,741,202,870,2180,825,0,58,0,0,13,464,8,7,1,8
12,7,moe,544,186,1970,6944,1876,0,195,0,0,101,959,8,5,3,8
12,8,moe,945,117,31,0,0,0,0,0,31,0,464,8,8,0,8
12,9,moe,770,183,229,414,186,0,57,1,0,15,474,8,7,1,8
12,10,moe,732,205,1438,4722,1352,0,296,0,0,210,481,8,5,3,8
12,11,moe,558,191,2104,7327,2011,0,186,1,0,94,1020,8,5,3,8
12,12,moe,828,118,24,0,0,0,0,0,24,0,594,8,8,0,8
12,13,moe,976,127,841,2207,799,0,60,0,0,18,474,8,7,1,8
12,14,moe,743,198,855,2284,810,0,58,0,0,13,454,8,7,1,8
12,15,moe,569,180,893,2302,849,0,57,0,0,13,452,8,7,1,8
12,16,moe,717,222,856,2119,768,0,154,0,0,66,627,8,6,2,8
12,17,moe,874,111,1445,4534,1374,0,128,0,0,57,492,8,6,2,8
12,18,moe,830,194,1958,6830,1862,0,185,0,0,89,972,8,5,3,8
12,19,moe,570,202,1407,4495,1336,0,123,0,0,52,735,8,6,2,8
12,20,moe,920,140,2060,7018,1935,0,218,0,0,93,479,8,5,3,8
12,21,moe,746,194,1494,4831,1427,0,119,0,0,52,639,8,6,2,8
12,22,moe,750,207,3284,11271,3020,0,439,0,0,175,536,8,3,5,8
12,23,moe,537,198,2635,9119,2518,0,238,1,0,122,970,8,4,4,8
12,24,moe,773,193,2297,7679,2123,0,410,0,0,236,602,8,3,5,8
12,25,moe,986,129,810,2392,709,0,296,0,0,195,573,8,5,3,8
12,26,moe,563,165,1438,4572,1367,0,114,0,0,43,990,8,6,2,8
12,-1,epi,0,0,0,0,0,0,0,0,4140,0,0,0,0,0,0
13,-2,pre,370,0,0,0,0,0,0,0,0,0,0,0,0,0,0
13,0,dense,1291,0,0,0,0,0,0,0,0,0,0,0,0,0,0
13,1,moe,729,181,1418,4771,1294,0,301,0,0,177,694,8,4,4,8
13,2,moe,737,196,924,2287,878,0,58,0,0,12,519,8,7,1,8
13,3,moe,749,302,1443,4692,1375,0,220,0,0,152,498,8,6,2,8
13,4,moe,770,273,1417,4652,1346,0,119,0,0,48,503,8,6,2,8
13,5,moe,742,206,233,418,187,0,57,0,0,11,450,8,7,1,8
13,6,moe,731,194,834,2049,790,0,56,0,0,12,514,8,7,1,8
13,7,moe,679,213,2013,6925,1922,0,262,1,0,172,500,8,5,3,8
13,8,moe,744,316,2689,9452,2577,0,251,0,0,139,1025,8,4,4,8
13,9,moe,764,212,1507,4652,1378,0,340,1,0,212,693,8,5,3,8
13,10,moe,978,120,913,2491,839,0,119,0,0,45,630,8,6,2,8
13,11,moe,543,192,1378,4314,1288,0,177,0,0,87,952,8,5,3,8
13,12,moe,753,183,876,2335,808,0,120,0,0,52,523,8,6,2,8
13,13,moe,906,190,22,0,0,0,0,0,22,0,504,8,8,0,8
13,14,moe,924,101,1977,6862,1880,0,243,0,0,146,505,8,5,3,8
13,15,moe,580,179,1480,4671,1408,0,125,0,0,53,1004,8,6,2,8
13,16,moe,876,123,2141,7306,2024,0,432,1,0,316,550,8,4,4,8
13,17,moe,760,208,2907,10219,2797,0,240,0,0,130,855,8,4,4,8
13,18,moe,756,202,2655,9326,2535,0,267,1,0,148,690,8,4,4,8
13,19,moe,727,181,2144,7407,2056,0,184,0,0,96,503,8,5,3,8
13,20,moe,745,193,1403,4522,1332,0,116,0,0,45,1025,8,6,2,8
13,21,moe,826,163,2044,7017,1932,0,193,0,0,81,574,8,5,3,8
13,22,moe,708,207,1595,5325,1507,0,180,0,0,92,1002,8,5,3,8
13,23,moe,577,211,811,2090,764,0,63,0,0,16,472,8,7,1,8
13,24,moe,736,213,1446,4505,1377,0,155,0,0,86,665,8,6,2,8
13,25,moe,1000,247,408,1021,339,0,150,1,0,82,493,8,6,2,8
13,26,moe,678,185,24,0,0,0,0,0,24,0,461,8,8,0,8
13,-1,epi,0,0,0,0,0,0,0,0,3144,0,0,0,0,0,0
14,-2,pre,398,0,0,0,0,0,0,0,0,0,0,0,0,0,0
14,0,dense,1543,0,0,0,0,0,0,0,0,0,0,0,0,0,0
14,1,moe,929,149,1444,4587,1329,0,288,0,0,173,696,8,4,4,8
14,2,moe,751,197,1951,6817,1855,0,183,0,0,87,1021,8,5,3,8
14,3,moe,677,189,2364,7938,2211,0,347,0,0,194,577,8,5,3,8
14,4,moe,748,210,2056,6787,1960,0,196,0,0,100,500,8,5,3,8
14,5,moe,736,201,26,0,0,0,0,0,26,0,458,8,8,0,8
14,6,moe,722,222,26,0,0,0,0,0,26,0,475,8,8,0,8
14,7,moe,588,234,846,2151,808,0,56,0,0,18,533,8,7,1,8
14,8,moe,908,96,2029,6934,1933,0,179,1,0,84,544,8,5,3,8
14,9,moe,723,192,25,0,0,0,0,0,25,0,457,8,8,0,8
14,10,moe,733,189,1943,6977,1852,0,224,0,0,133,680,8,5,3,8
14,11,moe,652,122,852,2243,803,0,61,0,0,12,469,8,7,1,8
14,12,moe,738,212,1450,4392,1378,0,115,0,0,43,562,8,6,2,8
14,13,moe,723,206,1983,7172,1890,0,177,0,0,84,1193,8,5,3,8
14,14,moe,857,137,21,0,0,0,0,0,21,0,523,8,8,0,8
14,15,moe,597,174,814,2092,769,0,60,0,0,15,651,8,7,1,8
14,16,moe,734,196,1474,4551,1408,0,119,0,0,53,1002,8,6,2,8
14,17,moe,752,200,831,2077,786,0,55,0,0,10,526,8,7,1,8
14,18,moe,865,218,881,2293,834,0,61,0,0,14,484,8,7,1,8
14,19,moe,619,185,2533,8983,2421,0,261,0,0,149,928,8,4,4,8
14,20,moe,753,201,1444,4668,1376,0,116,0,0,48,1187,8,6,2,8
14,21,moe,863,115,800,1936,755,0,54,0,0,9,560,8,7,1,8
14,22,moe,724,212,861,2265,815,0,60,0,0,14,458,8,7,1,8
14,23,moe,560,194,1429,4605,1363,0,112,0,0,46,958,8,6,2,8
14,24,moe,853,152,1342,3370,1206,0,292,0,0,156,587,8,6,2,8
14,25,moe,734,199,400,1035,334,0,154,0,0,88,482,8,6,2,8
14,26,moe,690,185,842,2173,796,0,58,0,0,12,457,8,7,1,8
14,-1,epi,0,0,0,0,0,0,0,0,3145,0,0,0,0,0,0
15,-2,pre,318,0,0,0,0,0,0,0,0,0,0,0,0,0,0
15,0,dense,1373,0,0,0,0,0,0,0,0,0,0,0,0,0,0
15,1,moe,943,105,2282,7696,2128,0,446,0,0,292,525,8,3,5,8
15,2,moe,755,198,866,2215,792,0,127,0,0,53,460,8,6,2,8
15,3,moe,592,180,2246,7187,2019,0,516,2,0,291,494,8,4,4,8
15,4,moe,728,218,851,2224,802,0,62,0,0,13,473,8,7,1,8
15,5,moe,842,185,861,2209,812,0,57,0,0,8,467,8,7,1,8
15,6,moe,736,179,2122,7265,2023,0,169,0,0,70,952,8,5,3,8
15,7,moe,601,228,351,763,300,0,63,0,0,12,553,8,7,1,8
15,8,moe,726,182,980,2553,869,0,161,0,0,50,437,8,6,2,8
15,9,moe,729,203,1412,4405,1346,0,115,0,0,49,933,8,6,2,8
15,10,moe,767,202,921,2413,853,0,146,0,0,78,614,8,6,2,8
15,11,moe,684,120,22,0,0,0,0,0,22,0,524,8,8,0,8
15,12,moe,761,200,2064,7351,1978,0,168,0,0,82,742,8,5,3,8
15,13,moe,776,159,2607,9087,2463,0,329,0,0,185,1043,8,3,5,8
15,14,moe,889,143,2569,8879,2446,0,246,0,0,123,987,8,4,4,8
15,15,moe,579,187,2053,6845,1927,0,204,0,0,78,589,8,5,3,8
15,16,moe,951,152,2119,7459,2020,0,223,1,0,125,1027,8,5,3,8
15,17,moe,866,216,2120,7791,2025,0,205,0,0,110,1068,8,5,3,8
15,18,moe,774,193,2058,7167,1961,0,180,0,0,83,600,8,5,3,8
15,19,moe,665,161,1955,6613,1853,0,175,0,0,73,993,8,5,3,8
15,20,moe,757,209,1469,4915,1399,0,113,0,0,43,787,8,6,2,8
15,21,moe,815,294,2118,7421,2022,0,360,0,0,264,549,8,5,3,8
15,22,moe,752,204,2780,9882,2635,0,318,0,0,173,1090,8,3,5,8
15,23,moe,580,199,2229,7831,2125,0,310,1,0,207,540,8,5,3,8
15,24,moe,766,198,3008,10839,2896,0,291,1,0,180,1136,8,4,4,8
15,25,moe,787,209,2274,6771,2088,0,532,1,0,347,645,8,3,5,8
15,26,moe,704,141,3177,11407,3036,0,309,0,0,168,505,8,3,5,8
15,-1,epi,0,0,0,0,0,0,0,0,3276,0,0,0,0,0,0
16,-2,pre,526,0,0,0,0,0,0,0,0,0,0,0,0,0,0
16,0,dense,1587,0,0,0,0,0,0,0,0,0,0,0,0,0,0
16,1,moe,898,232,2611,9047,2471,0,352,1,0,213,1013,8,3,5,8
16,2,moe,766,209,1978,6560,1857,0,270,0,0,149,1023,8,4,4,8
16,3,moe,669,169,2675,9098,2484,0,318,0,0,127,532,8,4,4,8
16,4,moe,737,199,2339,8405,2240,0,181,0,0,82,1098,8,5,3,8
16,5,moe,939,111,3309,11620,3172,0,324,0,0,187,1139,8,3,5,8
16,6,moe,754,200,3208,11300,3061,0,324,0,0,177,1195,8,3,5,8
16,7,moe,710,128,3257,11902,3082,0,439,0,0,264,504,8,2,6,8
16,8,moe,714,194,2600,9305,2486,0,241,0,0,127,806,8,4,4,8
16,9,moe,914,107,1987,6777,1896,0,178,0,0,87,1017,8,5,3,8
16,10,moe,859,220,3441,12114,3272,0,470,0,0,301,1129,8,2,6,8
16,11,moe,633,129,3127,11315,2985,0,328,0,0,186,1041,8,3,5,8
16,12,moe,768,206,3791,13563,3624,0,561,0,0,394,531,8,2,6,8
16,13,moe,756,184,3211,10971,3063,0,346,1,0,199,529,8,3,5,8
16,14,moe,756,194,3111,11050,2968,0,299,0,0,156,1119,8,3,5,8
16,15,moe,675,194,3308,11978,3172,0,305,1,0,170,1076,8,3,5,8
16,16,moe,751,199,2239,7549,2131,0,226,0,0,118,611,8,5,3,8
16,17,moe,911,109,2574,9035,2458,0,246,0,0,130,1053,8,4,4,8
16,18,moe,780,195,1916,6670,1824,0,176,0,0,84,985,8,5,3,8
16,19,moe,584,197,2148,7283,2058,0,402,0,0,312,478,8,5,3,8
16,20,moe,745,181,2737,9809,2622,0,250,1,0,136,968,8,4,4,8
16,21,moe,763,197,2062,6866,1941,0,261,0,0,140,842,8,4,4,8
16,22,moe,917,120,925,2319,874,0,55,0,0,4,510,8,7,1,8
16,23,moe,667,201,1605,4656,1535,0,119,0,0,49,1045,8,6,2,8
16,24,moe,745,208,4495,16581,4327,0,773,0,0,605,491,8,2,6,8
16,25,moe,727,196,1455,4500,1383,0,114,1,0,43,1004,8,6,2,8
16,26,moe,578,182,3584,12896,3438,0,422,0,0,276,491,8,3,5,8
16,-1,epi,0,0,0,0,0,0,0,0,3309,0,0,0,0,0,0
17,-2,pre,319,0,0,0,0,0,0,0,0,0,0,0,0,0,0
17,0,dense,1202,0,0,0,0,0,0,0,0,0,0,0,0,0,0
17,1,moe,719,196,4220,15737,4096,0,291,0,0,167,534,8,4,4,8
17,2,moe,723,187,1644,5043,1554,0,196,0,0,106,964,8,5,3,8
17,3,moe,565,197,1408,4465,1336,0,123,0,0,51,1028,8,6,2,8
17,4,moe,908,240,942,2289,879,0,90,0,0,27,501,8,7,1,8
17,5,moe,768,208,829,2137,786,0,55,0,0,12,478,8,7,1,8
17,6,moe,733,197,801,2092,744,0,61,0,0,4,519,8,7,1,8
17,7,moe,552,187,1525,4915,1460,0,119,0,0,54,895,8,6,2,8
17,8,moe,877,104,2110,6892,2000,0,272,0,0,162,533,8,4,4,8
17,9,moe,797,211,2153,7641,2034,0,277,1,0,159,1019,8,4,4,8
17,10,moe,801,188,1475,4647,1358,0,151,1,0,35,565,8,6,2,8
17,11,moe,764,134,22,0,0,0,0,0,22,0,490,8,8,0,8
17,12,moe,732,198,1471,4592,1404,0,120,0,0,53,960,8,6,2,8
17,13,moe,819,129,1468,4578,1377,0,221,1,0,131,578,8,5,3,8
17,14,moe,773,203,878,2277,805,0,127,0,0,54,466,8,6,2,8
17,15,moe,551,196,1558,4857,1487,0,131,0,0,60,458,8,6,2,8
17,16,moe,725,198,879,2306,834,0,56,0,0,11,457,8,7,1,8
17,17,moe,729,208,2070,6871,1979,0,176,0,0,85,531,8,5,3,8
17,18,moe,933,156,1410,4369,1342,0,124,0,0,56,497,8,6,2,8
17,19,moe,558,207,845,2058,797,0,55,0,0,7,447,8,7,1,8
17,20,moe,732,199,1425,4347,1329,0,190,0,0,94,960,8,5,3,8
17,21,moe,895,175,1439,4491,1364,0,119,1,0,45,499,8,6,2,8
17,22,moe,838,226,2580,9011,2467,0,235,0,0,122,1037,8,4,4,8
17,23,moe,672,248,1646,4999,1534,0,210,0,0,98,488,8,6,2,8
17,24,moe,790,197,2211,7783,2093,0,357,0,0,239,514,8,4,4,8
17,25,moe,764,197,2792,9762,2671,0,268,0,0,147,735,8,4,4,8
17,26,moe,723,138,2047,6886,1923,0,260,0,0,136,994,8,4,4,8
17,-1,epi,0,0,0,0,0,0,0,0,3374,0,0,0,0,0,0
18,-2,pre,309,0,0,0,0,0,0,0,0,0,0,0,0,0,0
18,0,dense,1598,1,0,0,0,0,0,0,0,0,0,0,0,0,0
18,1,moe,1023,138,2698,9361,2562,0,319,0,0,183,569,8,3,5,8
18,2,moe,763,269,869,2307,819,0,59,0,0,9,458,8,7,1,8
18,3,moe,549,177,1496,4581,1411,0,147,1,0,63,548,8,6,2,8
18,4,moe,907,106,2054,6982,1934,0,288,1,0,169,1062,8,4,4,8
18,5,moe,887,209,1423,4487,1354,0,120,0,0,51,1008,8,6,2,8
18,6,moe,763,199,2034,6792,1906,0,227,1,0,100,621,8,5,3,8
18,7,moe,734,231,1416,4522,1341,0,145,0,0,70,497,8,6,2,8
18,8,moe,719,242,1653,5035,1516,0,369,0,0,232,944,8,3,5,8
18,9,moe,758,173,2106,6922,1949,0,325,1,0,169,486,8,5,3,8
18,10,moe,790,178,1420,4574,1352,0,114,0,0,46,501,8,6,2,8
18,11,moe,558,186,2001,6957,1908,0,177,0,0,84,828,8,5,3,8
18,12,moe,795,205,2008,6897,1911,0,187,1,0,91,688,8,5,3,8
18,13,moe,768,204,1399,4380,1328,0,137,0,0,66,516,8,6,2,8
18,14,moe,824,210,1454,4587,1384,0,117,0,0,47,962,8,6,2,8
18,15,moe,621,273,2625,9307,2506,0,307,0,0,188,525,8,4,4,8
18,16,moe,720,206,1766,5680,1614,0,399,1,0,248,1099,8,3,5,8
18,17,moe,843,196,3286,11767,3131,0,317,1,0,163,589,8,3,5,8
18,18,moe,790,207,2106,6948,1969,0,352,1,0,216,785,8,3,5,8
18,19,moe,600,207,2046,7151,1946,0,214,0,0,114,675,8,5,3,8
18,20,moe,912,151,863,2266,817,0,57,0,0,11,487,8,7,1,8
18,21,moe,740,193,803,2017,757,0,57,1,0,12,668,8,7,1,8
18,22,moe,742,197,1402,4542,1310,0,182,0,0,90,1026,8,5,3,8
18,23,moe,590,163,2169,7049,2011,0,266,1,0,109,581,8,5,3,8
18,24,moe,788,196,2628,9285,2517,0,237,0,0,126,999,8,4,4,8
18,25,moe,754,199,1448,4490,1381,0,116,0,0,49,990,8,6,2,8
18,26,moe,668,177,1498,4643,1426,0,119,0,0,47,531,8,6,2,8
18,-1,epi,0,0,0,0,0,0,0,0,3330,0,0,0,0,0,0
19,-2,pre,165,0,0,0,0,0,0,0,0,0,0,0,0,0,0
19,0,dense,1266,0,0,0,0,0,0,0,0,0,0,0,0,0,0
19,1,moe,766,214,1393,4465,1320,0,221,1,0,149,575,8,6,2,8
19,2,moe,721,220,2028,7095,1935,0,186,1,0,94,500,8,5,3,8
19,3,moe,550,198,832,2195,786,0,58,0,0,12,455,8,7,1,8
19,4,moe,715,198,1520,4804,1431,0,227,0,0,138,604,8,5,3,8
19,5,moe,932,143,908,2506,832,0,132,0,0,56,501,8,6,2,8
19,6,moe,744,196,831,2090,786,0,58,0,0,13,483,8,7,1,8
19,7,moe,535,199,1068,3319,1000,0,118,1,0,51,458,8,6,2,8
19,8,moe,716,193,21,0,0,0,0,0,21,0,506,8,8,0,8
19,9,moe,848,115,975,2600,932,0,59,0,0,16,528,8,7,1,8
19,10,moe,749,185,1473,4629,1381,0,205,1,0,114,492,8,5,3,8
19,11,moe,541,191,873,2213,797,0,119,0,0,43,464,8,6,2,8
19,12,moe,715,184,25,0,0,0,0,0,25,0,503,8,8,0,8
19,13,moe,861,101,905,2329,866,0,90,0,0,51,496,8,7,1,8
19,14,moe,804,184,877,2318,833,0,59,0,0,15,597,8,7,1,8
19,15,moe,555,155,1450,4418,1361,0,194,0,0,105,952,8,5,3,8
19,16,moe,769,208,954,2269,855,0,275,0,0,176,501,8,5,3,8
19,17,moe,939,117,32,0,0,0,0,0,32,0,606,8,8,0,8
19,18,moe,730,198,785,1996,739,0,56,0,0,10,468,8,7,1,8
19,19,moe,671,171,859,2204,815,0,57,0,0,13,467,8,7,1,8
19,20,moe,729,202,1501,4626,1413,0,154,0,0,66,567,8,6,2,8
19,21,moe,905,141,788,2031,745,0,54,0,0,11,494,8,7,1,8
19,22,moe,741,205,878,2314,831,0,59,1,0,13,466,8,7,1,8
19,23,moe,740,175,2126,7112,2032,0,180,1,0,87,1010,8,5,3,8
19,24,moe,775,215,1475,4588,1406,0,136,0,0,67,665,8,6,2,8
19,25,moe,1001,137,1396,4766,1332,0,127,0,0,63,975,8,6,2,8
19,26,moe,583,168,843,2184,798,0,58,0,0,13,458,8,7,1,8
19,-1,epi,0,0,0,0,0,0,0,0,3525,0,0,0,0,0,0
20,-2,pre,297,0,0,0,0,0,0,0,0,0,0,0,0,0,0
20,0,dense,1263,1,0,0,0,0,0,0,0,0,0,0,0,0,0
20,1,moe,748,333,1461,4658,1370,0,239,0,0,148,1064,8,5,3,8
20,2,moe,773,199,2723,9601,2584,0,306,1,0,168,556,8,3,5,8
20,3,moe,681,133,2167,7471,2059,0,179,0,0,71,495,8,5,3,8
20,4,moe,732,203,1458,4757,1386,0,123,0,0,51,1047,8,6,2,8
20,5,moe,773,207,25,0,0,0,0,0,25,0,508,8,8,0,8
20,6,moe,889,189,1505,4764,1438,0,118,0,0,51,464,8,6,2,8
20,7,moe,543,193,861,2137,810,0,60,0,0,9,480,8,7,1,8
20,8,moe,711,197,22,0,0,0,0,0,22,0,451,8,8,0,8
20,9,moe,713,194,2693,9369,2579,0,245,0,0,131,575,8,4,4,8
20,10,moe,970,138,880,2254,831,0,57,0,0,8,587,8,7,1,8
20,11,moe,561,184,2085,7306,1991,0,178,0,0,84,835,8,5,3,8
20,12,moe,771,205,886,2349,816,0,148,0,0,78,609,8,6,2,8
20,13,moe,944,99,19,0,0,0,0,0,19,0,423,8,8,0,8
20,14,moe,738,192,881,2331,813,0,120,0,0,52,656,8,6,2,8
20,15,moe,585,180,1456,4679,1387,0,117,0,0,48,1088,8,6,2,8
20,16,moe,745,205,838,2118,794,0,56,0,0,12,549,8,7,1,8
20,17,moe,845,104,810,2086,767,0,61,0,0,18,459,8,7,1,8
20,18,moe,742,196,1393,4340,1324,0,120,1,0,52,478,8,6,2,8
20,19,moe,541,182,1500,4807,1430,0,113,0,0,43,1024,8,6,2,8
20,20,moe,851,227,833,2230,788,0,64,0,0,19,654,8,7,1,8
20,21,moe,943,136,857,2264,815,0,59,0,0,17,489,8,7,1,8
20,22,moe,727,195,1365,4482,1296,0,124,0,0,55,1016,8,6,2,8
20,23,moe,560,252,2294,7704,2138,0,261,1,0,106,685,8,5,3,8
20,24,moe,722,211,1417,4737,1340,0,133,0,0,56,469,8,6,2,8
20,25,moe,735,211,891,2313,845,0,58,0,0,12,456,8,7,1,8
20,26,moe,550,198,1442,4574,1376,0,179,1,0,114,506,8,6,2,8
20,-1,epi,0,0,0,0,0,0,0,0,3894,0,0,0,0,0,0
21,-2,pre,166,0,0,0,0,0,0,0,0,0,0,0,0,0,0
21,0,dense,1290,0,0,0,0,0,0,0,0,0,0,0,0,0,0
21,1,moe,720,205,2140,7056,2014,0,208,0,0,82,547,8,5,3,8
21,2,moe,896,116,1480,4538,1406,0,115,0,0,41,502,8,6,2,8
21,3,moe,567,194,833,2179,788,0,57,0,0,12,460,8,7,1,8
21,4,moe,730,199,1049,2572,980,0,115,1,0,47,475,8,6,2,8
21,5,moe,732,210,868,2138,820,0,58,0,0,10,517,8,7,1,8
21,6,moe,869,190,1635,5162,1564,0,119,0,0,48,522,8,6,2,8
21,7,moe,662,216,25,0,0,0,0,0,25,0,445,8,8,0,8
21,8,moe,719,199,864,2335,818,0,59,0,0,13,461,8,7,1,8
21,9,moe,720,195,24,0,0,0,0,0,24,0,459,8,8,0,8
21,10,moe,741,216,249,454,202,0,60,0,0,13,504,8,7,1,8
21,11,moe,752,153,26,0,0,0,0,0,26,0,561,8,8,0,8
21,12,moe,829,94,19,0,0,0,0,0,19,0,442,8,8,0,8
21,13,moe,712,194,826,2232,785,0,61,1,0,21,471,8,7,1,8
21,14,moe,720,198,834,2212,792,0,60,0,0,18,464,8,7,1,8
21,15,moe,547,193,1542,4687,1473,0,114,0,0,45,528,8,6,2,8
21,16,moe,901,133,1700,5755,1606,0,209,0,0,115,570,8,5,3,8
21,17,moe,762,212,839,2152,790,0,58,1,0,10,459,8,7,1,8
21,18,moe,721,199,832,2063,784,0,54,1,0,7,667,8,7,1,8
21,19,moe,636,125,22,0,0,0,0,0,22,0,540,8,8,0,8
21,20,moe,792,217,878,2267,837,0,55,0,0,14,494,8,7,1,8
21,21,moe,733,163,822,2049,781,0,57,0,0,16,473,8,7,1,8
21,22,moe,721,197,1533,4754,1458,0,117,0,0,42,958,8,6,2,8
21,23,moe,686,227,2757,9431,2637,0,240,1,0,121,998,8,4,4,8
21,24,moe,852,202,1690,5551,1594,0,192,1,0,97,1022,8,5,3,8
21,25,moe,767,209,2014,6787,1898,0,196,0,0,80,631,8,5,3,8
21,26,moe,759,220,2649,9369,2508,0,327,0,0,186,998,8,3,5,8
21,-1,epi,0,0,0,0,0,0,0,0,3573,0,0,0,0,0,0
22,-2,pre,359,0,0,0,0,0,0,0,0,0,0,0,0,0,0
22,0,dense,1356,0,0,0,0,0,0,0,0,0,0,0,0,0,0
22,1,moe,752,174,3368,11834,3203,0,434,0,0,269,1109,8,2,6,8
22,2,moe,729,215,2957,10073,2705,0,553,0,0,301,555,8,3,5,8
22,3,moe,572,196,3176,11495,3040,0,306,0,0,170,999,8,3,5,8
22,4,moe,762,216,2818,9318,2596,0,434,1,0,213,603,8,3,5,8
22,5,moe,833,218,2024,7165,1933,0,170,0,0,79,935,8,5,3,8
22,6,moe,762,212,2815,9555,2643,0,310,0,0,138,522,8,4,4,8
22,7,moe,751,180,1981,6857,1877,0,178,0,0,74,968,8,5,3,8
22,8,moe,754,203,2641,9721,2525,0,241,0,0,125,1027,8,4,4,8
22,9,moe,943,286,1506,4995,1434,0,174,0,0,102,502,8,6,2,8
22,10,moe,851,218,2510,8628,2396,0,244,0,0,130,1066,8,4,4,8
22,11,moe,559,195,1449,4491,1379,0,136,0,0,66,537,8,6,2,8
22,12,moe,850,114,1561,5043,1474,0,212,0,0,125,508,8,5,3,8
22,13,moe,826,205,841,2164,796,0,56,0,0,11,461,8,7,1,8
22,14,moe,725,191,2543,9018,2429,0,259,1,0,146,810,8,4,4,8
22,15,moe,737,141,1515,5029,1445,0,134,0,0,64,528,8,6,2,8
22,16,moe,831,201,1472,4648,1378,0,262,0,0,168,1014,8,5,3,8
22,17,moe,748,197,2211,7087,2069,0,227,0,0,85,677,8,5,3,8
22,18,moe,791,193,1456,4784,1369,0,222,1,0,136,489,8,5,3,8
22,19,moe,547,218,1452,4796,1382,0,119,0,0,49,931,8,6,2,8
22,20,moe,753,191,1976,6873,1887,0,250,1,0,162,555,8,5,3,8
22,21,moe,938,112,2219,7720,2123,0,194,0,0,98,495,8,5,3,8
22,22,moe,735,196,1078,3306,1009,0,119,0,0,50,462,8,6,2,8
22,23,moe,542,202,2190,7772,2095,0,194,0,0,99,594,8,5,3,8
22,24,moe,1010,113,2241,7503,2144,0,182,0,0,85,526,8,5,3,8
22,25,moe,743,194,2101,7084,2005,0,194,0,0,98,594,8,5,3,8
22,26,moe,699,285,968,2436,900,0,111,0,0,43,530,8,7,1,8
22,-1,epi,0,0,0,0,0,0,0,0,3319,0,0,0,0,0,0
23,-2,pre,363,0,0,0,0,0,0,0,0,0,0,0,0,0,0
23,0,dense,1233,0,0,0,0,0,0,0,0,0,0,0,0,0,0
23,1,moe,738,194,2046,6940,1899,0,357,1,0,211,529,8,4,4,8
23,2,moe,979,162,1419,4373,1350,0,115,0,0,46,520,8,6,2,8
23,3,moe,548,190,2021,6742,1929,0,175,1,0,84,967,8,5,3,8
23,4,moe,806,138,1520,4608,1416,0,144,1,0,41,649,8,6,2,8
23,5,moe,756,177,1465,4569,1397,0,122,1,0,55,1123,8,6,2,8
23,6,moe,772,199,2253,7639,2108,0,346,0,0,201,1118,8,3,5,8
23,7,moe,612,160,22,0,0,0,0,0,22,0,532,8,8,0,8
23,8,moe,931,137,1907,6162,1805,0,203,0,0,101,470,8,5,3,8
23,9,moe,755,202,1440,4723,1345,0,195,0,0,100,960,8,5,3,8
23,10,moe,748,218,956,2989,845,0,262,0,0,151,771,8,5,3,8
23,11,moe,650,108,1433,4372,1342,0,207,0,0,116,536,8,5,3,8
23,12,moe,836,191,3096,11245,2960,0,334,0,0,198,771,8,3,5,8
23,13,moe,980,118,1430,4256,1351,0,117,1,0,39,519,8,6,2,8
23,14,moe,759,202,2496,8764,2378,0,246,0,0,128,696,8,4,4,8
23,15,moe,559,196,1995,6410,1850,0,345,0,0,200,768,8,3,5,8
23,16,moe,836,126,2307,7894,2140,0,1005,1,0,839,722,8,3,5,8
23,17,moe,790,158,1456,4331,1350,0,188,1,0,83,700,8,5,3,8
23,18,moe,733,198,2651,9060,2493,0,387,1,0,230,582,8,3,5,8
23,19,moe,822,127,1395,4452,1290,0,302,1,0,198,700,8,5,3,8
23,20,moe,1030,236,1384,4355,1282,0,218,1,0,117,758,8,5,3,8
23,21,moe,969,228,1697,5171,1480,0,404,1,0,188,745,8,4,4,8
23,22,moe,1451,312,1957,6779,1855,0,175,0,0,73,846,8,5,3,8
23,23,moe,753,242,2897,9588,2731,0,295,2,0,131,720,8,4,4,8
23,24,moe,1082,232,3219,11351,3068,0,327,1,0,177,1406,8,3,5,8
23,25,moe,1211,243,3223,11419,3065,0,654,2,0,498,815,8,3,5,8
23,26,moe,1120,246,2026,6865,1907,0,283,1,0,165,1165,8,4,4,8
23,-1,epi,0,0,0,0,0,0,0,0,5240,0,0,0,0,0,0
24,-2,pre,335,0,0,0,0,0,0,0,0,0,0,0,0,0,0
24,0,dense,2055,0,0,0,0,0,0,0,0,0,0,0,0,0,0
24,1,moe,1436,285,3162,10450,2880,0,1102,2,0,822,742,8,4,4,8
24,2,moe,1078,214,2513,8807,2383,0,249,0,0,119,738,8,4,4,8
24,3,moe,582,164,2633,9177,2499,0,666,2,0,534,549,8,4,4,8
24,4,moe,761,199,2719,9400,2591,0,256,1,0,129,696,8,4,4,8
24,5,moe,753,200,3010,8464,2689,0,1558,3,0,1240,623,8,5,3,8
24,6,moe,795,169,2038,6874,1905,0,311,1,0,179,583,8,4,4,8
24,7,moe,563,222,1520,4843,1405,0,132,1,0,18,673,8,6,2,8
24,8,moe,755,204,2661,9299,2536,0,429,1,0,305,537,8,4,4,8
24,9,moe,749,168,1436,4641,1354,0,115,0,0,33,493,8,6,2,8
24,10,moe,734,210,1988,6749,1893,0,182,1,0,88,1124,8,5,3,8
24,11,moe,713,122,1500,4578,1395,0,266,0,0,161,556,8,5,3,8
24,12,moe,744,185,2618,9451,2489,0,244,1,0,116,1059,8,4,4,8
24,13,moe,769,210,2171,7228,2067,0,575,1,0,472,481,8,5,3,8
24,14,moe,742,197,2549,8959,2425,0,270,0,0,146,498,8,4,4,8
24,15,moe,563,189,2307,7509,2123,0,355,3,0,174,654,8,5,3,8
24,16,moe,915,280,2112,7344,1972,0,222,1,0,83,810,8,5,3,8
24,17,moe,773,231,864,2020,811,0,57,0,0,4,498,8,7,1,8
24,18,moe,746,194,2739,9648,2613,0,544,1,0,419,534,8,4,4,8
24,19,moe,604,206,3271,11450,3084,0,322,1,0,136,556,8,3,5,8
24,20,moe,728,204,2038,6898,1940,0,181,0,0,83,901,8,5,3,8
24,21,moe,950,127,2086,6933,1978,0,202,1,0,95,1084,8,5,3,8
24,22,moe,874,196,2092,7436,1992,0,178,1,0,79,999,8,5,3,8
24,23,moe,568,232,1715,5347,1558,0,323,1,0,167,559,8,5,3,8
24,24,moe,736,192,1410,4574,1336,0,117,0,0,43,945,8,6,2,8
24,25,moe,760,203,1466,4633,1387,0,133,1,0,55,1007,8,6,2,8
24,26,moe,607,233,2711,9028,2548,0,365,1,0,203,1023,8,3,5,8
24,-1,epi,0,0,0,0,0,0,0,0,3380,0,0,0,0,0,0
25,-2,pre,438,0,0,0,0,0,0,0,0,0,0,0,0,0,0
25,0,dense,1640,0,0,0,0,0,0,0,0,0,0,0,0,0,0
25,1,moe,873,175,3128,11292,2974,0,334,1,0,181,1189,8,3,5,8
25,2,moe,738,207,2875,9532,2667,0,457,1,0,250,624,8,4,4,8
25,3,moe,706,127,2685,9531,2539,0,243,0,0,97,1109,8,4,4,8
25,4,moe,779,187,2014,6880,1917,0,192,1,0,96,972,8,5,3,8
25,5,moe,860,133,1270,3932,1165,0,275,1,0,171,524,8,5,3,8
25,6,moe,769,171,1461,4891,1359,0,191,0,0,89,503,8,5,3,8
25,7,moe,566,175,2145,7553,2041,0,180,0,0,76,1002,8,5,3,8
25,8,moe,871,133,953,2424,901,0,61,1,0,10,550,8,7,1,8
25,9,moe,732,199,842,2210,766,0,127,0,0,51,659,8,6,2,8
25,10,moe,729,187,1513,4629,1441,0,113,0,0,41,806,8,6,2,8
25,11,moe,580,212,2453,8212,2271,0,552,1,0,371,568,8,5,3,8
25,12,moe,748,214,842,2200,786,0,63,0,0,7,567,8,7,1,8
25,13,moe,759,188,1523,4823,1399,0,132,1,0,9,689,8,6,2,8
25,14,moe,748,197,2413,7634,2095,0,963,15,0,660,649,8,5,3,8
25,15,moe,583,165,2045,6873,1936,0,303,2,0,196,537,8,5,3,8
25,16,moe,759,207,1498,4610,1406,0,119,0,0,27,716,8,6,2,8
25,17,moe,796,311,2310,7725,2093,0,248,2,0,33,556,8,5,3,8
25,18,moe,797,198,2553,8769,2423,0,303,0,0,173,750,8,4,4,8
25,19,moe,561,171,2225,7072,1989,0,370,23,0,157,625,8,5,3,8
25,20,moe,725,199,2012,7036,1906,0,197,1,0,92,851,8,5,3,8
25,21,moe,754,210,1540,5059,1435,0,197,1,0,93,676,8,6,2,8
25,22,moe,793,219,1370,4278,1243,0,218,1,0,92,541,8,6,2,8
25,23,moe,565,162,1456,4601,1347,0,213,1,0,105,812,8,5,3,8
25,24,moe,755,205,807,1842,748,0,54,0,5,0,515,8,7,1,8
25,25,moe,765,156,2010,4659,1752,0,574,4,0,320,586,8,6,2,8
25,26,moe,622,171,2009,6735,1900,0,182,0,0,73,824,8,5,3,8
25,-1,epi,0,0,0,0,0,0,0,0,3423,0,0,0,0,0,0
26,-2,pre,367,0,0,0,0,0,0,0,0,0,0,0,0,0,0
26,0,dense,1610,0,0,0,0,0,0,0,0,0,0,0,0,0,0
26,1,moe,1079,186,3837,13732,3651,0,425,1,0,240,655,8,2,6,8
26,2,moe,734,185,3710,12590,3518,0,1207,2,0,1017,512,8,3,5,8
26,3,moe,564,173,2548,9133,2421,0,242,0,0,115,687,8,4,4,8
26,4,moe,762,237,2967,9612,2651,0,1003,2,0,689,487,8,3,5,8
26,5,moe,742,186,2607,8831,2480,0,276,0,0,149,611,8,4,4,8
26,6,moe,805,198,2737,9626,2612,0,251,0,0,126,833,8,4,4,8
26,7,moe,676,120,2188,7281,2048,0,271,0,0,131,699,8,4,4,8
26,8,moe,902,210,2696,9288,2561,0,573,1,0,439,755,8,4,4,8
26,9,moe,770,228,1814,5463,1657,0,143,2,12,0,543,8,6,2,8
26,10,moe,771,194,3268,11591,3115,0,327,1,0,175,684,8,3,5,8
26,11,moe,557,161,1519,4591,1364,0,243,1,0,89,734,8,6,2,8
26,12,moe,1046,197,1075,2756,990,0,127,0,0,42,560,8,6,2,8
26,13,moe,841,225,861,2253,812,0,56,0,0,7,520,8,7,1,8
26,14,moe,726,206,2139,7018,1978,0,266,0,0,105,673,8,5,3,8
26,15,moe,710,187,2132,7345,2009,0,188,0,0,65,810,8,5,3,8
26,16,moe,747,205,899,2196,818,0,122,1,0,42,510,8,6,2,8
26,17,moe,763,207,2131,6983,1945,0,351,1,0,166,708,8,5,3,8
26,18,moe,941,291,1558,5270,1451,0,206,0,0,99,772,8,5,3,8
26,19,moe,608,181,2769,9641,2621,0,245,1,0,98,730,8,4,4,8
26,20,moe,969,210,1517,4767,1417,0,125,1,0,26,514,8,6,2,8
26,21,moe,751,204,1423,4632,1323,0,153,1,0,54,610,8,6,2,8
26,22,moe,741,208,1375,4567,1300,0,173,0,0,98,646,8,6,2,8
26,23,moe,610,280,1424,4502,1333,0,131,1,0,41,528,8,6,2,8
26,24,moe,728,240,1398,4465,1322,0,136,0,0,60,494,8,6,2,8
26,25,moe,744,198,2011,7034,1911,0,186,1,0,87,727,8,5,3,8
26,26,moe,655,235,2448,8190,2274,0,677,2,0,505,572,8,3,5,8
26,-1,epi,0,0,0,0,0,0,0,0,3366,0,0,0,0,0,0
27,-2,pre,373,0,0,0,0,0,0,0,0,0,0,0,0,0,0
27,0,dense,1210,0,0,0,0,0,0,0,0,0,0,0,0,0,0
27,1,moe,721,229,2020,6052,1785,0,460,3,0,228,649,8,4,4,8
27,2,moe,819,189,1476,4738,1360,0,361,1,0,246,495,8,5,3,8
27,3,moe,558,152,1453,4756,1375,0,125,0,0,47,651,8,6,2,8
27,4,moe,734,194,1605,4869,1467,0,318,1,0,181,533,8,6,2,8
27,5,moe,741,195,247,434,194,0,58,0,0,5,468,8,7,1,8
27,6,moe,724,209,958,2338,857,0,181,0,0,80,567,8,6,2,8
27,7,moe,557,198,814,2132,763,0,60,0,0,9,575,8,7,1,8
27,8,moe,939,98,1477,4674,1389,0,127,0,0,39,497,8,6,2,8
27,9,moe,724,204,26,0,0,0,0,0,26,0,452,8,8,0,8
27,10,moe,731,201,838,2222,789,0,62,0,0,13,465,8,7,1,8
27,11,moe,541,184,1574,4844,1494,0,126,0,0,46,680,8,6,2,8
27,12,moe,733,207,2909,9790,2680,0,437,1,0,209,660,8,4,4,8
27,13,moe,759,166,829,2120,770,0,59,0,0,0,512,8,7,1,8
27,14,moe,753,207,27,0,0,0,0,0,27,0,494,8,8,0,8
27,15,moe,580,175,1005,2554,923,0,102,2,0,22,669,8,7,1,8
27,16,moe,876,197,849,2063,794,0,56,1,0,2,535,8,7,1,8
27,17,moe,801,215,2758,9552,2587,0,530,1,0,360,757,8,3,5,8
27,18,moe,752,219,847,2036,788,0,58,1,0,0,562,8,7,1,8
27,19,moe,840,275,2046,7062,1918,0,176,1,0,49,1174,8,5,3,8
27,20,moe,910,157,2522,8826,2398,0,237,0,0,113,1043,8,4,4,8
27,21,moe,891,139,2679,9370,2533,0,240,1,0,95,1045,8,4,4,8
27,22,moe,814,298,2579,8955,2437,0,329,0,0,187,1080,8,3,5,8
27,23,moe,696,395,1036,2650,936,0,216,0,0,116,529,8,6,2,8
27,24,moe,739,181,2585,9068,2464,0,281,0,0,160,509,8,4,4,8
27,25,moe,738,196,2011,6888,1911,0,183,0,0,83,957,8,5,3,8
27,26,moe,704,114,1466,4546,1383,0,113,1,0,31,529,8,6,2,8
27,-1,epi,0,0,0,0,0,0,0,0,3381,0,0,0,0,0,0
28,-2,pre,175,0,0,0,0,0,0,0,0,0,0,0,0,0,0
28,0,dense,1226,0,0,0,0,0,0,0,0,0,0,0,0,0,0
28,1,moe,720,219,398,541,310,0,130,2,0,44,609,8,7,1,8
28,2,moe,981,126,1434,4587,1332,0,225,1,0,124,1011,8,5,3,8
28,3,moe,592,186,2039,7057,1946,0,181,0,0,88,980,8,5,3,8
28,4,moe,751,202,2685,9579,2540,0,610,1,0,466,542,8,3,5,8
28,5,moe,741,178,31,0,0,0,0,0,31,0,482,8,8,0,8
28,6,moe,840,200,843,2177,774,0,119,0,0,50,476,8,6,2,8
28,7,moe,546,197,1568,4949,1446,0,287,2,0,167,550,8,6,2,8
28,8,moe,733,199,1378,4322,1306,0,118,0,0,46,664,8,6,2,8
28,9,moe,785,212,875,2283,825,0,60,0,0,10,494,8,7,1,8
28,10,moe,722,214,840,2251,793,0,59,0,0,12,455,8,7,1,8
28,11,moe,543,191,1605,4857,1424,0,400,1,0,220,649,8,5,3,8
28,12,moe,975,117,1396,4521,1322,0,123,0,0,49,1137,8,6,2,8
28,13,moe,775,174,1392,4535,1321,0,116,1,0,46,1066,8,6,2,8
28,14,moe,759,199,26,0,0,0,0,0,26,0,534,8,8,0,8
28,15,moe,702,111,884,2339,800,0,126,0,0,42,500,8,6,2,8
28,16,moe,749,215,934,2285,823,0,160,1,0,50,551,8,6,2,8
28,17,moe,751,196,834,2077,787,0,56,0,0,9,461,8,7,1,8
28,18,moe,737,186,1267,3940,1165,0,289,1,0,188,631,8,6,2,8
28,19,moe,554,168,842,2121,792,0,55,0,0,5,462,8,7,1,8
28,20,moe,726,195,2541,8858,2416,0,249,0,0,124,821,8,4,4,8
28,21,moe,759,200,1388,4469,1316,0,119,0,0,47,765,8,6,2,8
28,22,moe,954,150,913,2180,856,0,57,0,0,0,494,8,7,1,8
28,23,moe,568,192,3179,11320,3043,0,318,1,0,183,752,8,3,5,8
28,24,moe,761,184,1596,4793,1464,0,287,2,0,157,501,8,6,2,8
28,25,moe,751,206,905,2356,854,0,59,0,0,8,475,8,7,1,8
28,26,moe,561,159,1638,5360,1469,0,543,0,0,374,601,8,2,6,8
28,-1,epi,0,0,0,0,0,0,0,0,3173,0,0,0,0,0,0
29,-2,pre,306,0,0,0,0,0,0,0,0,0,0,0,0,0,0
29,0,dense,1528,0,0,0,0,0,0,0,0,0,0,0,0,0,0
29,1,moe,746,199,3234,11475,3088,0,320,1,0,175,539,8,3,5,8
29,2,moe,750,200,2148,7367,2014,0,326,0,0,192,735,8,5,3,8
29,3,moe,787,151,2045,7139,1938,0,182,1,0,76,1103,8,5,3,8
29,4,moe,778,206,838,2048,762,0,118,1,0,43,461,8,6,2,8
29,5,moe,752,206,1049,2183,960,0,111,1,0,23,672,8,7,1,8
29,6,moe,985,129,905,2267,825,0,127,0,0,47,566,8,6,2,8
29,7,moe,582,152,2011,7028,1915,0,184,0,0,88,1012,8,5,3,8
29,8,moe,776,200,1033,2228,964,0,72,1,0,4,803,8,7,1,8
29,9,moe,893,131,266,434,202,0,59,1,4,0,492,8,7,1,8
29,10,moe,749,158,923,2890,833,0,145,1,0,56,467,8,6,2,8
29,11,moe,555,195,2067,6912,1951,0,251,0,0,135,1118,8,4,4,8
29,12,moe,827,343,1789,5853,1657,0,339,1,0,208,533,8,5,3,8
29,13,moe,731,196,1407,4283,1332,0,122,0,0,47,514,8,6,2,8
29,14,moe,729,187,1344,4222,1267,0,120,1,0,44,817,8,6,2,8
29,15,moe,588,247,1585,4843,1499,0,173,1,0,88,501,8,6,2,8
29,16,moe,732,208,1977,6725,1874,0,174,0,0,71,494,8,5,3,8
29,17,moe,736,202,2086,6458,1902,0,574,0,0,390,626,8,3,5,8
29,18,moe,887,129,1374,4232,1269,0,187,0,0,82,520,8,5,3,8
29,19,moe,580,173,2145,7345,2027,0,256,0,0,138,494,8,4,4,8
29,20,moe,743,203,1438,4507,1318,0,251,0,0,131,950,8,4,4,8
29,21,moe,869,148,950,2409,855,0,217,0,0,122,491,8,6,2,8
29,22,moe,734,199,2014,6847,1917,0,184,0,0,87,502,8,5,3,8
29,23,moe,558,200,2033,6867,1915,0,283,0,0,165,757,8,4,4,8
29,24,moe,885,120,3211,11168,3046,0,335,0,0,170,1078,8,3,5,8
29,25,moe,855,218,907,2388,856,0,57,1,0,7,489,8,7,1,8
29,26,moe,563,180,2389,7408,1938,0,1234,1,0,784,663,8,0,8,8
29,-1,epi,0,0,0,0,0,0,0,0,3297,0,0,0,0,0,0
30,-2,pre,377,0,0,0,0,0,0,0,0,0,0,0,0,0,0
30,0,dense,1304,0,0,0,0,0,0,0,0,0,0,0,0,0,0
30,1,moe,728,211,4076,14206,3769,0,554,1,0,248,609,8,2,6,8
30,2,moe,757,239,3762,13416,3569,0,526,0,0,333,1151,8,1,7,8
30,3,moe,584,191,2756,9757,2633,0,455,0,0,332,570,8,4,4,8
30,4,moe,763,212,1635,4666,1502,0,309,0,0,176,512,8,4,4,8
30,5,moe,752,214,926,2404,852,0,127,0,0,53,461,8,6,2,8
30,6,moe,738,143,3731,13166,3531,0,837,1,0,638,562,8,1,7,8
30,7,moe,575,208,2034,6980,1938,0,172,1,0,77,1009,8,5,3,8
30,8,moe,766,211,1575,4868,1457,0,319,0,0,201,684,8,5,3,8
30,9,moe,959,157,2892,10125,2754,0,330,1,0,193,573,8,3,5,8
30,10,moe,737,200,2844,9770,2664,0,433,1,0,254,1015,8,2,6,8
30,11,moe,727,173,3341,12109,3190,0,321,0,0,170,523,8,3,5,8
30,12,moe,750,208,4543,15870,4190,0,859,1,0,507,582,8,1,7,8
30,13,moe,767,186,3243,11433,3105,0,307,1,0,170,930,8,3,5,8
30,14,moe,777,201,3505,11935,3143,0,638,1,0,277,575,8,2,6,8
30,15,moe,667,171,3448,12134,3291,0,408,0,0,251,1080,8,2,6,8
30,16,moe,827,196,3339,11827,3173,0,622,0,0,456,524,8,2,6,8
30,17,moe,753,296,4441,16101,4258,0,481,0,0,298,1142,8,1,7,8
30,18,moe,1017,117,4432,16205,4230,0,484,1,0,283,1000,8,1,7,8
30,19,moe,571,170,4907,18024,4672,0,847,1,0,613,562,8,0,8,8
30,20,moe,746,301,3920,13961,3712,0,622,1,0,415,1073,8,0,8,8
30,21,moe,868,133,3298,11864,3107,0,563,0,0,372,995,8,1,7,8
30,22,moe,754,163,3040,10609,2873,0,373,0,0,206,1129,8,2,6,8
30,23,moe,717,134,4523,16613,4332,0,606,1,0,416,546,8,1,7,8
30,24,moe,785,204,3795,13379,3579,0,832,0,0,616,577,8,1,7,8
30,25,moe,802,215,3095,11186,2953,0,309,0,0,167,906,8,3,5,8
30,26,moe,575,205,3888,13841,3579,0,703,1,0,395,606,8,2,6,8
30,-1,epi,0,0,0,0,0,0,0,0,3591,0,0,0,0,0,0
31,-2,pre,369,0,0,0,0,0,0,0,0,0,0,0,0,0,0
31,0,dense,1322,0,0,0,0,0,0,0,0,0,0,0,0,0,0
31,1,moe,766,206,2027,5864,1811,0,894,3,0,681,519,8,5,3,8
31,2,moe,745,200,856,2048,799,0,56,0,1,0,623,8,7,1,8
31,3,moe,575,204,2108,7253,1987,0,292,0,0,171,680,8,4,4,8
31,4,moe,745,169,1196,2626,1027,0,306,1,0,138,684,8,6,2,8
31,5,moe,932,267,2068,7192,1958,0,303,1,0,194,521,8,5,3,8
31,6,moe,739,196,1620,4759,1414,0,207,2,0,3,896,8,6,2,8
31,7,moe,792,162,521,1132,432,0,133,0,0,44,522,8,6,2,8
31,8,moe,744,198,2066,6935,1967,0,188,0,0,89,1140,8,5,3,8
31,9,moe,780,233,31,0,0,0,0,0,31,0,475,8,8,0,8
31,10,moe,713,231,1696,5460,1530,0,235,2,0,71,523,8,6,2,8
31,11,moe,575,160,875,2186,821,0,60,0,0,6,471,8,7,1,8
31,12,moe,733,211,396,850,347,0,59,0,0,10,474,8,7,1,8
31,13,moe,851,201,26,0,0,0,0,0,26,0,468,8,8,0,8
31,14,moe,723,203,1327,3555,1150,0,376,3,0,202,604,8,6,2,8
31,15,moe,698,182,1444,4554,1347,0,196,0,0,99,1044,8,5,3,8
31,16,moe,772,215,908,2242,834,0,174,0,0,100,535,8,6,2,8
31,17,moe,773,200,863,2225,786,0,126,0,0,49,497,8,6,2,8
31,18,moe,743,198,1548,4906,1416,0,319,2,0,189,749,8,6,2,8
31,19,moe,586,204,1579,5404,1449,0,287,1,0,158,847,8,5,3,8
31,20,moe,790,192,1781,5454,1532,0,336,3,0,90,797,8,5,3,8
31,21,moe,780,293,2305,7215,2114,0,217,1,0,27,623,8,5,3,8
31,22,moe,765,170,2063,6724,1909,0,585,0,0,431,571,8,3,5,8
31,23,moe,566,169,2609,5655,2487,0,202,2,0,82,676,8,5,3,8
31,24,moe,962,127,1771,5536,1641,0,277,1,0,148,1073,8,4,4,8
31,25,moe,791,199,1441,4773,1371,0,115,0,0,45,1009,8,6,2,8
31,26,moe,579,223,649,848,508,0,157,1,0,17,630,8,7,1,8
31,-1,epi,0,0,0,0,0,0,0,0,3802,0,0,0,0,0,0
32,-2,pre,174,0,0,0,0,0,0,0,0,0,0,0,0,0,0
32,0,dense,1322,0,0,0,0,0,0,0,0,0,0,0,0,0,0
32,1,moe,719,211,1297,4060,1127,0,705,1,0,536,996,8,2,6,8
32,2,moe,981,140,418,742,354,0,89,0,0,25,542,8,7,1,8
32,3,moe,575,187,627,1594,527,0,282,0,0,182,595,8,5,3,8
32,4,moe,742,202,1527,4647,1432,0,183,0,0,88,1053,8,5,3,8
32,5,moe,749,196,25,0,0,0,0,0,25,0,559,8,8,0,8
32,6,moe,949,133,904,2274,845,0,57,0,2,0,496,8,7,1,8
32,7,moe,575,153,1523,4731,1401,0,239,1,0,118,484,8,5,3,8
32,8,moe,737,211,28,0,0,0,0,0,28,0,473,8,8,0,8
32,9,moe,720,208,1092,2659,1014,0,171,2,0,95,622,8,7,1,8
32,10,moe,753,199,236,407,182,0,62,0,0,8,489,8,7,1,8
32,11,moe,538,214,243,402,195,0,58,0,0,10,487,8,7,1,8
32,12,moe,742,202,23,0,0,0,0,0,23,0,649,8,8,0,8
32,13,moe,781,204,423,931,374,0,59,0,0,10,470,8,7,1,8
32,14,moe,724,206,23,0,0,0,0,0,23,0,471,8,8,0,8
32,15,moe,865,176,1552,5101,1433,0,204,1,0,86,521,8,5,3,8
32,16,moe,767,165,994,3008,915,0,123,1,0,45,500,8,6,2,8
32,17,moe,845,213,827,2019,771,0,59,0,0,3,471,8,7,1,8
32,18,moe,733,199,1430,4577,1328,0,208,0,0,106,1008,8,5,3,8
32,19,moe,781,166,433,964,374,0,56,1,2,0,493,8,7,1,8
32,20,moe,751,204,910,2330,839,0,119,0,0,48,651,8,6,2,8
32,21,moe,783,156,829,2003,779,0,58,0,0,8,505,8,7,1,8
32,22,moe,754,193,1896,5109,1614,0,646,3,0,367,683,8,6,2,8
32,23,moe,700,196,998,2400,892,0,199,1,0,94,534,8,5,3,8
32,24,moe,840,207,2611,9103,2469,0,401,0,0,259,1052,8,3,5,8
32,25,moe,823,228,2761,9850,2595,0,325,1,0,160,1097,8,3,5,8
32,26,moe,696,212,2061,7029,1936,0,269,0,0,144,933,8,4,4,8
32,-1,epi,0,0,0,0,0,0,0,0,4230,0,0,0,0,0,0
33,-2,pre,317,0,0,0,0,0,0,0,0,0,0,0,0,0,0
33,0,dense,1440,0,0,0,0,0,0,0,0,0,0,0,0,0,0
33,1,moe,744,313,2555,8660,2388,0,428,0,0,261,1086,8,2,6,8
33,2,moe,1088,3505,2103,5932,1942,0,270,1,0,110,760,8,5,3,8
33,3,moe,784,141,2421,7389,2004,0,737,1,0,321,875,8,3,5,8
33,4,moe,963,235,2040,6640,1916,0,181,1,0,58,1024,8,5,3,8
33,5,moe,788,198,1794,5138,1588,0,812,2,0,608,638,8,5,3,8
33,6,moe,778,211,1502,4701,1421,0,117,0,0,36,989,8,6,2,8
33,7,moe,760,195,817,2021,770,0,53,0,0,6,475,8,7,1,8
33,8,moe,721,193,1503,4550,1431,0,119,1,0,48,846,8,6,2,8
33,9,moe,893,136,38,0,0,0,0,0,38,0,449,8,8,0,8
33,10,moe,763,180,875,2298,832,0,57,0,0,14,466,8,7,1,8
33,11,moe,695,178,864,2280,816,0,58,0,0,10,466,8,7,1,8
33,12,moe,723,201,832,2190,784,0,56,0,0,8,460,8,7,1,8
33,13,moe,847,142,2063,6978,1966,0,178,1,0,82,541,8,5,3,8
33,14,moe,786,186,1413,4429,1338,0,189,1,0,115,496,8,6,2,8
33,15,moe,589,158,2044,7038,1952,0,182,0,0,90,954,8,5,3,8
33,16,moe,968,153,1515,4742,1400,0,220,0,0,105,548,8,5,3,8
33,17,moe,782,174,821,2120,770,0,62,0,0,11,451,8,7,1,8
33,18,moe,753,213,808,2096,760,0,59,0,0,11,504,8,7,1,8
33,19,moe,555,187,3244,11519,3076,0,809,0,0,641,553,8,2,6,8
33,20,moe,780,174,1994,7048,1887,0,174,1,0,68,516,8,5,3,8
33,21,moe,749,188,1668,4930,1539,0,391,1,0,263,503,8,6,2,8
33,22,moe,758,184,2446,8324,2298,0,325,0,0,177,1105,8,3,5,8
33,23,moe,765,180,1748,5311,1646,0,186,0,0,84,965,8,5,3,8
33,24,moe,765,185,2307,8241,2187,0,790,1,0,671,540,8,4,4,8
33,25,moe,751,206,2557,8809,2413,0,312,0,0,168,1007,8,3,5,8
33,26,moe,594,232,3124,9498,2802,0,807,1,0,486,699,8,3,5,8
33,-1,epi,0,0,0,0,0,0,0,0,3451,0,0,0,0,0,0
34,-2,pre,335,0,0,0,0,0,0,0,0,0,0,0,0,0,0
34,0,dense,1252,0,0,0,0,0,0,0,0,0,0,0,0,0,0
34,1,moe,758,210,3238,11456,3068,0,720,0,0,550,508,8,2,6,8
34,2,moe,736,209,1453,4547,1377,0,197,0,0,121,498,8,6,2,8
34,3,moe,565,202,4504,16088,4196,0,647,1,0,340,631,8,0,8,8
34,4,moe,1019,113,3249,11917,3107,0,414,1,0,273,575,8,3,5,8
34,5,moe,749,203,848,2072,791,0,58,0,0,1,460,8,7,1,8
34,6,moe,719,182,1550,4988,1448,0,425,1,0,324,599,8,5,3,8
34,7,moe,511,199,2027,7017,1917,0,242,0,0,132,484,8,4,4,8
34,8,moe,762,209,2554,8823,2434,0,243,0,0,123,1116,8,4,4,8
34,9,moe,1058,112,2733,9656,2605,0,250,1,0,123,1217,8,4,4,8
34,10,moe,776,179,3244,11449,3067,0,409,1,0,233,1099,8,2,6,8
34,11,moe,667,164,2845,9682,2732,0,237,0,0,124,555,8,4,4,8
34,12,moe,754,209,2566,8838,2447,0,247,0,0,128,840,8,4,4,8
34,13,moe,976,102,2676,9316,2537,0,391,0,0,252,540,8,3,5,8
34,14,moe,863,199,3762,13551,3587,0,397,1,0,223,952,8,2,6,8
34,15,moe,697,216,1979,6864,1852,0,262,1,0,136,553,8,4,4,8
34,16,moe,747,163,2008,6858,1891,0,249,0,0,132,1000,8,4,4,8
34,17,moe,828,242,2300,8083,2182,0,471,1,0,354,521,8,4,4,8
34,18,moe,742,173,3056,11061,2918,0,374,0,0,236,974,8,3,5,8
34,19,moe,667,191,2103,6939,1953,0,380,1,0,231,980,8,3,5,8
34,20,moe,925,151,2270,7763,2141,0,285,0,0,156,560,8,4,4,8
34,21,moe,814,154,2798,9747,2670,0,275,0,0,147,746,8,4,4,8
34,22,moe,843,209,3266,11667,3111,0,356,0,0,201,754,8,3,5,8
34,23,moe,2265,658,4136,12430,3609,0,877,2,0,352,643,8,4,4,8
34,24,moe,837,194,3370,11937,3198,0,428,1,0,257,887,8,3,5,8
34,25,moe,1130,217,2704,8742,2566,0,197,1,0,60,768,8,5,3,8
34,26,moe,613,213,3252,11828,3076,0,408,0,0,232,729,8,2,6,8
34,-1,epi,0,0,0,0,0,0,0,0,4595,0,0,0,0,0,0
35,-2,pre,155,0,0,0,0,0,0,0,0,0,0,0,0,0,0
35,0,dense,1316,0,0,0,0,0,0,0,0,0,0,0,0,0,0
35,1,moe,766,182,4772,16861,4433,0,783,2,0,446,631,8,1,7,8
35,2,moe,807,206,3249,11633,3101,0,407,0,0,259,758,8,3,5,8
35,3,moe,574,191,2703,9522,2570,0,673,1,0,541,531,8,4,4,8
35,4,moe,777,198,1878,6303,1781,0,190,0,0,93,706,8,5,3,8
35,5,moe,745,210,2655,9227,2531,0,251,0,0,127,714,8,4,4,8
35,6,moe,995,185,2095,6816,1976,0,182,1,0,64,642,8,5,3,8
35,7,moe,586,209,1965,6450,1863,0,184,1,0,83,699,8,5,3,8
35,8,moe,761,210,2432,8030,2228,0,949,2,0,747,609,8,5,3,8
35,9,moe,782,222,2047,6657,1891,0,232,1,0,77,2333,8,5,3,8
35,10,moe,1143,217,3931,13353,3675,0,1632,1,0,1377,720,8,3,5,8
35,11,moe,648,186,3339,11541,3150,0,548,2,0,361,1029,8,3,5,8
35,12,moe,1385,163,4718,16289,4108,0,2072,2,0,1464,724,8,3,5,8
35,13,moe,909,175,6612,24521,6422,0,510,1,0,321,812,8,2,6,8
35,14,moe,860,210,2718,9580,2562,0,794,1,0,639,1080,8,4,4,8
35,15,moe,913,249,3157,10637,2963,0,476,2,0,284,614,8,4,4,8
35,16,moe,846,230,4690,16241,4328,0,1284,2,0,924,773,8,1,7,8
35,17,moe,770,232,4224,14553,3897,0,665,2,0,340,786,8,1,7,8
35,18,moe,768,226,4317,14955,3940,0,890,2,0,515,799,8,2,6,8
35,19,moe,738,231,4643,16094,4262,0,1191,3,0,813,684,8,2,6,8
35,20,moe,802,213,3090,9721,2726,0,669,2,0,307,2659,8,4,4,8
35,21,moe,2287,156,3918,13896,3671,0,574,2,0,329,915,8,2,6,8
35,22,moe,1111,279,3912,14157,3689,0,1000,2,0,779,1067,8,2,6,8
35,23,moe,1074,269,4442,15838,4181,0,522,2,0,263,831,8,1,7,8
35,24,moe,1080,249,3283,11132,3083,0,401,1,0,202,786,8,3,5,8
35,25,moe,787,203,4527,16417,4309,0,1597,2,0,1381,576,8,1,7,8
35,26,moe,560,168,3123,11181,2959,0,313,1,0,150,748,8,3,5,8
35,-1,epi,0,0,0,0,0,0,0,0,3313,0,0,0,0,0,0
36,-2,pre,228,0,0,0,0,0,0,0,0,0,0,0,0,0,0
36,0,dense,1315,0,0,0,0,0,0,0,0,0,0,0,0,0,0
36,1,moe,779,189,2590,8734,2444,0,281,1,0,136,721,8,4,4,8
36,2,moe,767,206,3079,9640,2798,0,837,3,0,559,639,8,4,4,8
36,3,moe,594,159,2641,8960,2499,0,311,1,0,170,713,8,4,4,8
36,4,moe,738,208,1462,4611,1377,0,120,1,0,36,664,8,6,2,8
36,5,moe,915,237,1500,4523,1362,0,119,1,18,0,567,8,6,2,8
36,6,moe,731,212,1488,4689,1375,0,238,1,0,126,660,8,5,3,8
36,7,moe,555,169,1481,4664,1384,0,131,1,0,35,952,8,6,2,8
36,8,moe,936,141,978,2442,920,0,64,0,0,6,505,8,7,1,8
36,9,moe,749,197,29,0,0,0,0,0,29,0,481,8,8,0,8
36,10,moe,727,215,845,1969,787,0,60,0,0,2,457,8,7,1,8
36,11,moe,559,202,1979,6665,1880,0,242,0,0,143,742,8,5,3,8
36,12,moe,1028,190,1510,4553,1415,0,165,1,0,71,540,8,6,2,8
36,13,moe,780,197,63,0,0,0,0,0,63,0,665,8,8,0,8
36,14,moe,1150,260,93,0,0,0,0,1,92,0,596,8,8,0,8
36,15,moe,996,200,57,0,0,0,0,0,57,0,675,8,8,0,8
36,16,moe,1032,146,60,0,0,0,0,0,60,0,537,8,8,0,8
36,17,moe,767,201,851,1961,788,0,59,0,4,0,513,8,7,1,8
36,18,moe,987,171,819,1829,757,0,96,1,0,35,553,8,7,1,8
36,19,moe,732,199,62,0,0,0,0,0,62,0,588,8,8,0,8
36,20,moe,1060,289,1568,4502,1391,0,137,1,39,0,539,8,6,2,8
36,21,moe,839,223,1991,6655,1872,0,329,1,0,211,723,8,5,3,8
36,22,moe,800,165,1479,4160,1360,0,186,2,0,69,1044,8,6,2,8
36,23,moe,714,136,50,0,0,0,0,0,50,0,593,8,8,0,8
36,24,moe,778,211,1426,4321,1325,0,287,1,0,187,665,8,5,3,8
36,25,moe,738,203,779,2018,720,0,63,0,0,4,532,8,7,1,8
36,26,moe,546,197,1443,2711,1353,0,388,3,0,301,998,8,7,1,8
36,-1,epi,0,0,0,0,0,0,0,0,4500,0,0,0,0,0,0
37,-2,pre,263,0,0,0,0,0,0,0,0,0,0,0,0,0,0
37,0,dense,1393,0,0,0,0,0,0,0,0,0,0,0,0,0,0
37,1,moe,881,383,2515,8049,2215,0,881,2,0,583,607,8,4,4,8
37,2,moe,880,203,2196,6535,1930,0,437,1,0,172,578,8,4,4,8
37,3,moe,608,236,2364,7760,2066,0,729,3,0,434,833,8,4,4,8
37,4,moe,833,207,3436,11400,3192,0,527,1,0,284,830,8,3,5,8
37,5,moe,1053,273,4169,14350,3859,0,862,2,0,554,627,8,2,6,8
37,6,moe,957,205,3611,12587,3399,0,672,2,0,462,763,8,2,6,8
37,7,moe,859,183,3853,13595,3627,0,413,2,0,189,742,8,2,6,8
37,8,moe,739,165,4519,16122,4299,0,1254,1,0,1035,577,8,1,7,8
37,9,moe,759,173,3413,12115,3244,0,412,1,0,244,755,8,3,5,8
37,10,moe,748,200,3776,13462,3584,0,985,2,0,795,543,8,2,6,8
37,11,moe,561,217,3201,11319,3048,0,356,0,0,203,713,8,3,5,8
37,12,moe,728,209,3343,11763,3172,0,871,2,0,702,567,8,3,5,8
37,13,moe,780,210,3220,11533,3052,0,342,0,0,174,732,8,3,5,8
37,14,moe,791,189,3459,12070,3292,0,895,2,0,730,623,8,3,5,8
37,15,moe,579,173,3204,11425,3042,0,386,0,0,224,751,8,3,5,8
37,16,moe,782,200,4461,16058,4248,0,1012,2,0,801,990,8,1,7,8
37,17,moe,938,198,4231,13703,3864,0,1361,5,0,999,517,8,2,6,8
37,18,moe,1639,301,3262,11210,3077,0,342,1,0,158,1062,8,3,5,8
37,19,moe,891,273,3653,13054,3468,0,819,2,0,636,1287,8,2,6,8
37,20,moe,2310,344,3167,11306,3014,0,304,1,0,152,1125,8,3,5,8
37,21,moe,1126,123,2070,7113,1958,0,197,1,0,86,669,8,5,3,8
37,22,moe,729,216,2512,8706,2394,0,280,1,0,163,677,8,4,4,8
37,23,moe,587,350,3404,11704,3200,0,415,1,0,212,691,8,3,5,8
37,24,moe,799,192,2667,9136,2503,0,322,1,0,159,680,8,3,5,8
37,25,moe,718,237,3445,11812,3219,0,406,1,0,181,683,8,3,5,8
37,26,moe,543,202,2350,8189,2219,0,291,0,0,160,678,8,4,4,8
37,-1,epi,0,0,0,0,0,0,0,0,4149,0,0,0,0,0,0
38,-2,pre,307,0,0,0,0,0,0,0,0,0,0,0,0,0,0
38,0,dense,1295,0,0,0,0,0,0,0,0,0,0,0,0,0,0
38,1,moe,813,170,7052,26204,6836,0,392,2,0,178,513,8,2,6,8
38,2,moe,751,194,2058,7016,1951,0,200,1,0,94,1005,8,5,3,8
38,3,moe,552,189,1801,5457,1605,0,713,2,0,519,695,8,5,3,8
38,4,moe,805,196,2580,8999,2461,0,245,1,0,127,974,8,4,4,8
38,5,moe,713,188,2092,6975,1988,0,180,0,0,76,641,8,5,3,8
38,6,moe,966,155,1977,6512,1863,0,194,1,0,81,727,8,5,3,8
38,7,moe,574,211,1362,4347,1285,0,119,1,0,43,670,8,6,2,8
38,8,moe,774,204,2728,8658,2424,0,492,0,0,188,651,8,3,5,8
38,9,moe,990,115,2207,7752,2073,0,318,1,0,185,989,8,4,4,8
38,10,moe,777,218,2021,7087,1923,0,177,0,0,79,1023,8,5,3,8
38,11,moe,753,161,1407,4395,1312,0,115,1,0,21,515,8,6,2,8
38,12,moe,732,199,818,2026,747,0,117,0,0,46,486,8,6,2,8
38,13,moe,748,201,842,2221,792,0,59,0,0,9,485,8,7,1,8
38,14,moe,752,203,2191,7783,2094,0,317,1,0,221,529,8,5,3,8
38,15,moe,570,202,1930,6497,1835,0,182,1,0,88,660,8,5,3,8
38,16,moe,725,201,2724,9229,2582,0,314,0,0,172,844,8,3,5,8
38,17,moe,847,214,3226,11447,3053,0,320,0,0,147,714,8,3,5,8
38,18,moe,751,211,1933,6651,1836,0,178,0,0,81,882,8,5,3,8
38,19,moe,634,209,2939,10765,2792,0,477,2,0,332,563,8,3,5,8
38,20,moe,768,208,1484,4565,1397,0,115,0,0,28,679,8,6,2,8
38,21,moe,752,199,1520,4736,1434,0,367,1,0,282,662,8,6,2,8
38,22,moe,1015,222,1346,4205,1247,0,250,0,0,151,658,8,5,3,8
38,23,moe,573,175,2030,6915,1934,0,180,1,0,85,1052,8,5,3,8
38,24,moe,758,238,2737,9636,2615,0,394,2,0,274,525,8,4,4,8
38,25,moe,732,209,2717,9547,2596,0,239,1,0,119,1032,8,4,4,8
38,26,moe,596,167,2027,6995,1927,0,178,0,0,78,1063,8,5,3,8
38,-1,epi,0,0,0,0,0,0,0,0,4641,0,0,0,0,0,0
39,-2,pre,300,0,0,0,0,0,0,0,0,0,0,0,0,0,0
39,0,dense,1310,0,0,0,0,0,0,0,0,0,0,0,0,0,0
39,1,moe,803,230,3263,11541,3109,0,604,1,0,451,550,8,3,5,8
39,2,moe,737,219,3548,12931,3379,0,373,0,0,204,1004,8,2,6,8
39,3,moe,651,190,3730,13094,3553,0,442,2,0,267,1099,8,2,6,8
39,4,moe,786,212,1391,4333,1313,0,115,0,0,37,959,8,6,2,8
39,5,moe,737,198,844,2084,793,0,57,1,0,7,504,8,7,1,8
39,6,moe,994,123,2044,6839,1934,0,189,1,0,80,1044,8,5,3,8
39,7,moe,612,152,827,2063,748,0,125,0,0,46,482,8,6,2,8
39,8,moe,722,181,1459,4473,1389,0,117,1,0,48,729,8,6,2,8
39,9,moe,826,183,35,0,0,0,0,1,34,0,597,8,8,0,8
39,10,moe,1158,193,874,2789,798,0,133,0,0,57,494,8,6,2,8
39,11,moe,551,189,2032,6946,1937,0,182,0,0,87,865,8,5,3,8
39,12,moe,755,213,815,2098,765,0,60,0,0,10,565,8,7,1,8
39,13,moe,1042,129,941,2425,878,0,60,0,3,0,505,8,7,1,8
39,14,moe,731,200,1433,4561,1357,0,118,1,0,43,1042,8,6,2,8
39,15,moe,567,146,3370,12218,3207,0,807,1,0,645,509,8,3,5,8
39,16,moe,739,200,3107,11173,2957,0,301,0,0,151,1210,8,3,5,8
39,17,moe,737,218,867,2517,789,0,135,0,0,57,474,8,6,2,8
39,18,moe,789,237,2006,6789,1887,0,179,1,0,61,518,8,5,3,8
39,19,moe,555,154,27,0,0,0,0,0,27,0,472,8,8,0,8
39,20,moe,718,189,1360,4255,1289,0,119,0,0,48,939,8,6,2,8
39,21,moe,741,199,1526,4525,1392,0,155,1,0,22,632,8,6,2,8
39,22,moe,955,126,1612,4869,1525,0,112,0,0,25,971,8,6,2,8
39,23,moe,580,247,891,2233,818,0,118,0,0,45,523,8,6,2,8
39,24,moe,736,207,1471,4626,1381,0,193,0,0,103,1046,8,5,3,8
39,25,moe,1001,119,1463,4739,1393,0,119,0,0,49,503,8,6,2,8
39,26,moe,555,188,3273,11797,3129,0,302,1,0,159,1047,8,3,5,8
39,-1,epi,0,0,0,0,0,0,0,0,4409,0,0,0,0,0,0
40,-2,pre,306,0,0,0,0,0,0,0,0,0,0,0,0,0,0
40,0,dense,1272,1,0,0,0,0,0,0,0,0,0,0,0,0,0
40,1,moe,726,202,1394,4527,1321,0,113,0,0,40,1042,8,6,2,8
40,2,moe,967,135,1482,4679,1382,0,219,1,0,120,565,8,5,3,8
40,3,moe,551,176,2902,10325,2755,0,354,1,0,208,1114,8,3,5,8
40,4,moe,731,208,2160,7302,2043,0,255,1,0,139,590,8,4,4,8
40,5,moe,939,103,1642,5104,1569,0,118,0,0,45,843,8,6,2,8
40,6,moe,768,199,731,1841,682,0,59,0,0,10,466,8,7,1,8
40,7,moe,548,187,2642,9091,2498,0,266,1,0,123,574,8,4,4,8
40,8,moe,953,110,2440,8967,2342,0,192,0,0,94,873,8,5,3,8
40,9,moe,803,184,1996,7023,1897,0,181,0,0,82,1006,8,5,3,8
40,10,moe,935,98,1439,4922,1348,0,224,0,0,133,477,8,5,3,8
40,11,moe,599,150,363,726,317,0,55,1,0,10,467,8,7,1,8
40,12,moe,722,199,1439,4454,1369,0,123,0,0,53,928,8,6,2,8
40,13,moe,829,97,2708,9555,2596,0,292,0,0,180,530,8,4,4,8
40,14,moe,724,189,3186,11467,3036,0,338,1,0,189,1013,8,3,5,8
40,15,moe,570,190,2787,9867,2608,0,377,2,0,200,696,8,3,5,8
40,16,moe,853,261,2646,9188,2499,0,323,0,0,176,1042,8,3,5,8
40,17,moe,770,192,2973,10303,2814,0,346,1,0,188,642,8,3,5,8
40,18,moe,1237,238,17453,11114,17294,0,382,0,0,223,540,8,3,5,8
40,19,moe,585,226,1398,4439,1305,0,233,0,0,140,1086,8,5,3,8
40,20,moe,798,215,1406,4208,1308,0,299,1,0,202,541,8,5,3,8
40,21,moe,981,122,857,2205,803,0,60,0,0,6,527,8,7,1,8
40,22,moe,810,166,1047,2831,945,0,258,0,0,156,645,8,5,3,8
40,23,moe,1304,332,2105,6867,1975,0,241,1,0,112,1246,8,5,3,8
40,24,moe,2295,121,2151,7363,2030,0,266,1,0,146,1193,8,4,4,8
40,25,moe,2237,327,2110,7406,1992,0,280,1,0,163,1241,8,5,3,8
40,26,moe,1529,115,2018,6731,1887,0,281,0,0,150,741,8,4,4,8
40,-1,epi,0,0,0,0,0,0,0,0,3666,0,0,0,0,0,0
41,-2,pre,334,0,0,0,0,0,0,0,0,0,0,0,0,0,0
41,0,dense,1341,0,0,0,0,0,0,0,0,0,0,0,0,0,0
41,1,moe,777,217,2765,9736,2615,0,238,0,0,88,982,8,4,4,8
41,2,moe,1106,135,2140,7481,2034,0,182,1,0,77,516,8,5,3,8
41,3,moe,547,197,2011,6817,1911,0,178,0,0,78,1023,8,5,3,8
41,4,moe,761,210,2708,9366,2586,0,239,0,0,117,721,8,4,4,8
41,5,moe,983,157,1455,4629,1382,0,118,0,0,45,943,8,6,2,8
41,6,moe,775,203,1451,4619,1368,0,115,0,0,32,514,8,6,2,8
41,7,moe,581,232,2344,7492,2137,0,363,0,0,156,650,8,4,4,8
41,8,moe,812,231,3229,11431,3087,0,330,1,0,189,1043,8,3,5,8
41,9,moe,784,218,1985,6674,1885,0,269,1,0,170,613,8,5,3,8
41,10,moe,1021,132,4712,7018,4611,0,241,1,0,141,912,8,5,3,8
41,11,moe,894,170,2707,9426,2564,0,330,1,0,188,544,8,3,5,8
41,12,moe,756,219,1604,4758,1532,0,118,0,0,46,682,8,6,2,8
41,13,moe,790,210,2558,9015,2437,0,242,0,0,121,1255,8,4,4,8
41,14,moe,976,176,1907,6392,1807,0,176,0,0,76,852,8,5,3,8
41,15,moe,615,190,2575,8835,2451,0,254,0,0,130,905,8,4,4,8
41,16,moe,1050,129,2072,6859,1972,0,181,0,0,81,550,8,5,3,8
41,17,moe,798,218,832,2197,786,0,63,0,0,17,506,8,7,1,8
41,18,moe,778,215,2002,6960,1881,0,209,1,0,89,877,8,5,3,8
41,19,moe,828,172,6862,19956,6683,0,260,1,0,82,796,8,4,4,8
41,20,moe,797,203,1935,5922,1852,0,242,2,0,161,566,8,6,2,8
41,21,moe,814,165,13798,4522,13717,0,181,1,0,101,786,8,6,2,8
41,22,moe,810,197,2158,7105,1973,0,288,1,0,104,527,8,5,3,8
41,23,moe,609,176,964,2956,862,0,237,1,0,136,538,8,5,3,8
41,24,moe,924,461,2030,6797,1920,0,194,1,0,85,1403,8,5,3,8
41,25,moe,2404,125,1462,4751,1370,0,160,0,0,68,1210,8,6,2,8
41,26,moe,1137,462,2721,9530,2588,0,540,2,0,409,527,8,4,4,8
41,-1,epi,0,0,0,0,0,0,0,0,3472,0,0,0,0,0,0
42,-2,pre,423,0,0,0,0,0,0,0,0,0,0,0,0,0,0
42,0,dense,1366,0,0,0,0,0,0,0,0,0,0,0,0,0,0
42,1,moe,811,229,15021,26781,8149,0,408,1,6463,0,1037,8,3,5,8
42,2,moe,869,206,3395,8332,3011,0,193,0,191,0,745,8,5,3,8
42,3,moe,600,197,3949,10525,3432,0,399,2,116,0,997,8,3,5,8
42,4,moe,1362,117,1228,2713,990,0,222,1,15,0,744,8,6,2,8
42,5,moe,1106,426,20593,6825,20445,0,234,1,0,87,787,8,5,3,8
42,6,moe,980,206,2571,6470,2351,0,932,3,0,715,851,8,5,3,8
42,7,moe,996,153,1337,3416,1263,0,68,0,6,0,730,8,7,1,8
42,8,moe,1141,414,11820,14360,4246,0,432,2,7140,0,981,8,5,3,8
42,9,moe,1617,142,1503,4656,1396,0,160,1,0,54,711,8,6,2,8
42,10,moe,1063,236,1466,4426,1374,0,131,1,0,40,842,8,6,2,8
42,11,moe,740,209,2602,8738,2419,0,515,1,0,333,1152,8,4,4,8
42,12,moe,1277,239,2988,10506,2840,0,271,1,0,124,870,8,4,4,8
42,13,moe,1120,205,5638,7297,5415,0,197,0,26,0,773,8,5,3,8
42,14,moe,929,248,2126,7144,2008,0,548,2,0,432,939,8,5,3,8
42,15,moe,891,286,3956,14270,3804,0,321,0,0,169,857,8,3,5,8
42,16,moe,1072,242,3042,9117,2823,0,674,2,0,457,899,8,4,4,8
42,17,moe,1236,243,19474,11983,19111,0,791,3,0,431,1033,8,4,4,8
42,18,moe,1240,457,2360,5573,2031,0,800,3,0,474,959,8,5,3,8
42,19,moe,1183,333,2821,8214,2363,0,1361,3,0,906,1013,8,4,4,8
42,20,moe,1595,237,2682,8528,2367,0,753,2,0,440,1103,8,5,3,8
42,21,moe,1374,307,3652,11467,3093,0,1189,3,0,633,900,8,3,5,8
42,22,moe,1723,260,2631,7987,2300,0,591,1,0,261,1190,8,5,3,8
42,23,moe,1456,389,9404,32039,8532,0,2173,3,0,1304,1126,8,3,5,8
42,24,moe,1973,526,2577,6296,2090,0,687,3,0,203,1170,8,5,3,8
42,25,moe,1400,296,3071,9990,2811,0,517,2,0,259,1427,8,5,3,8
42,26,moe,1257,287,3613,12634,3315,0,1466,1,0,1169,1065,8,1,7,8
42,-1,epi,0,0,0,0,0,0,0,0,5378,0,0,0,0,0,0
43,-2,pre,342,0,0,0,0,0,0,0,0,0,0,0,0,0,0
43,0,dense,2054,0,0,0,0,0,0,0,0,0,0,0,0,0,0
43,1,moe,1284,272,5153,18754,4930,0,581,1,0,359,1388,8,3,5,8
43,2,moe,1776,299,2699,9387,2490,0,332,1,0,124,1363,8,4,4,8
43,3,moe,1145,286,2525,8493,2408,0,189,1,0,73,1322,8,5,3,8
43,4,moe,1749,291,2650,9017,2483,0,310,0,0,143,1327,8,4,4,8
43,5,moe,1759,302,2070,6993,1968,0,180,0,0,78,1309,8,5,3,8
43,6,moe,1777,277,3663,12140,3325,0,927,3,0,592,1423,8,3,5,8
43,7,moe,1242,290,1774,5162,1598,0,312,1,0,137,1377,8,6,2,8
43,8,moe,1813,303,7553,9694,2657,0,686,1,4209,0,1489,8,4,4,8
43,9,moe,1879,387,5116,10675,4877,0,324,2,0,87,1459,8,6,2,8
43,10,moe,1992,276,16693,28705,14418,0,459,1,1815,0,1527,8,5,3,8
43,11,moe,1453,272,1754,4947,1545,0,345,1,0,137,1472,8,6,2,8
43,12,moe,2027,322,3961,13407,3493,0,833,1,0,366,1638,8,3,5,8
43,13,moe,1832,275,1850,5076,1630,0,312,2,0,94,1627,8,6,2,8
43,14,moe,2031,424,2015,5631,1807,0,352,1,0,145,1481,8,6,2,8
43,15,moe,1352,293,2489,7745,2238,0,498,1,0,248,1467,8,5,3,8
43,16,moe,2103,365,2123,6473,1828,0,628,4,0,337,1285,8,5,3,8
43,17,moe,1786,332,3100,9616,2740,0,983,2,0,625,1659,8,5,3,8
43,18,moe,1627,337,2167,7274,1953,0,339,0,0,125,1212,8,5,3,8
43,19,moe,1008,207,1525,4630,1391,0,178,1,0,45,922,8,6,2,8
43,20,moe,1291,251,1591,4655,1431,0,239,1,0,80,1089,8,6,2,8
43,21,moe,1462,318,44,0,0,0,0,1,43,0,909,8,8,0,8
43,22,moe,1294,257,1443,4259,1326,0,211,1,0,95,1005,8,6,2,8
43,23,moe,955,259,874,2064,795,0,99,0,0,20,784,8,7,1,8
43,24,moe,1260,251,924,2198,847,0,107,0,0,30,740,8,7,1,8
43,25,moe,1185,241,1467,4430,1338,0,231,0,0,102,964,8,6,2,8
43,26,moe,874,230,35,0,0,0,0,0,35,0,705,8,8,0,8
43,-1,epi,0,0,0,0,0,0,0,0,4104,0,0,0,0,0,0
44,-2,pre,470,0,0,0,0,0,0,0,0,0,0,0,0,0,0
44,0,dense,1847,0,0,0,0,0,0,0,0,0,0,0,0,0,0
44,1,moe,1207,188,1557,5002,1451,0,255,1,0,150,1215,8,6,2,8
44,2,moe,1006,238,1454,4478,1360,0,172,0,0,78,1198,8,6,2,8
44,3,moe,764,201,2702,9172,2517,0,442,1,0,258,1339,8,4,4,8
44,4,moe,1114,245,33,0,0,0,0,0,33,0,659,8,8,0,8
44,5,moe,945,232,2185,7339,2032,0,327,0,0,174,1194,8,5,3,8
44,6,moe,992,218,1627,4916,1517,0,180,0,0,70,1299,8,6,2,8
44,7,moe,802,225,1544,4819,1431,0,172,0,0,59,1207,8,6,2,8
44,8,moe,962,239,1598,4991,1446,0,268,0,0,116,1163,8,5,3,8
44,9,moe,997,245,1544,4677,1431,0,195,1,0,83,1226,8,6,2,8
44,10,moe,1016,259,3518,12550,3324,0,596,0,0,402,1276,8,4,4,8
44,11,moe,842,186,2963,9948,2757,0,460,1,0,255,1352,8,4,4,8
44,12,moe,969,225,1506,4786,1405,0,163,0,0,62,1316,8,6,2,8
44,13,moe,959,243,2799,9901,2600,0,607,1,0,409,1477,8,4,4,8
44,14,moe,978,233,891,2206,831,0,75,1,0,16,571,8,7,1,8
44,15,moe,686,220,2662,9040,2509,0,659,0,0,506,1378,8,5,3,8
44,16,moe,959,230,2197,7221,2019,0,391,0,0,213,1415,8,5,3,8
44,17,moe,988,221,1391,4445,1301,0,159,0,0,69,1309,8,6,2,8
44,18,moe,977,232,1437,4494,1335,0,179,0,0,77,1301,8,6,2,8
44,19,moe,745,219,1530,4672,1425,0,174,0,0,69,1405,8,6,2,8
44,20,moe,986,254,1533,4743,1423,0,202,0,0,92,1444,8,6,2,8
44,21,moe,997,237,900,2118,814,0,81,0,5,0,722,8,7,1,8
44,22,moe,961,233,923,2236,861,0,71,0,0,9,723,8,7,1,8
44,23,moe,723,173,933,2457,876,0,83,0,0,26,661,8,7,1,8
44,24,moe,911,237,1514,4517,1413,0,173,0,0,72,1321,8,6,2,8
44,25,moe,989,242,920,2406,864,0,73,1,0,18,551,8,7,1,8
44,26,moe,715,185,934,2389,874,0,76,0,0,16,574,8,7,1,8
44,-1,epi,0,0,0,0,0,0,0,0,3244,0,0,0,0,0,0
45,-2,pre,347,0,0,0,0,0,0,0,0,0,0,0,0,0,0
45,0,dense,1378,0,0,0,0,0,0,0,0,0,0,0,0,0,0
45,1,moe,832,225,2272,7283,2033,0,699,1,0,461,1376,8,4,4,8
45,2,moe,926,230,1451,4612,1350,0,173,0,0,72,1256,8,6,2,8
45,3,moe,711,169,3595,12437,3281,0,1181,1,0,868,1475,8,3,5,8
45,4,moe,941,224,3529,11972,3291,0,608,1,0,371,1355,8,4,4,8
45,5,moe,930,178,1500,4609,1388,0,162,1,0,51,1309,8,6,2,8
45,6,moe,958,225,883,2144,825,0,68,0,0,10,545,8,7,1,8
45,7,moe,685,204,1595,4776,1454,0,298,0,0,157,1337,8,5,3,8
45,8,moe,972,227,2302,7520,2104,0,545,0,0,347,1385,8,5,3,8
45,9,moe,949,201,888,2175,835,0,62,0,0,9,497,8,7,1,8
45,10,moe,804,205,2201,7552,2066,0,400,0,0,265,1061,8,5,3,8
45,11,moe,687,211,28,0,0,0,0,0,28,0,515,8,8,0,8
45,12,moe,804,189,4265,14670,4050,0,1110,0,0,895,1203,8,3,5,8
45,13,moe,966,195,920,2457,865,0,68,0,0,13,591,8,7,1,8
45,14,moe,823,221,1757,5382,1678,0,124,0,0,45,1147,8,6,2,8
45,15,moe,761,181,2106,6927,1971,0,372,0,0,237,1222,8,5,3,8
45,16,moe,887,207,831,2175,778,0,65,0,0,12,494,8,7,1,8
45,17,moe,809,212,2314,7975,2160,0,404,0,0,250,1087,8,5,3,8
45,18,moe,881,209,28,0,0,0,0,0,28,0,520,8,8,0,8
45,19,moe,645,179,2553,7825,2360,0,421,0,0,228,1236,8,4,4,8
45,20,moe,907,212,865,2290,812,0,60,0,0,7,526,8,7,1,8
45,21,moe,836,208,3076,10382,2885,0,471,1,0,281,1199,8,4,4,8
45,22,moe,909,220,1361,4556,1285,0,128,1,0,53,1048,8,6,2,8
45,23,moe,774,183,844,2068,788,0,63,0,0,7,538,8,7,1,8
45,24,moe,812,344,2768,9593,2584,0,593,0,0,409,1137,8,4,4,8
45,25,moe,946,208,878,2221,824,0,69,0,0,15,569,8,7,1,8
45,26,moe,683,183,1487,4875,1407,0,145,0,0,65,1053,8,6,2,8
45,-1,epi,0,0,0,0,0,0,0,0,3320,0,0,0,0,0,0
46,-2,pre,382,0,0,0,0,0,0,0,0,0,0,0,0,0,0
46,0,dense,1258,1,0,0,0,0,0,0,0,0,0,0,0,0,0
46,1,moe,762,210,3684,12869,3432,0,1038,1,0,787,1264,8,2,6,8
46,2,moe,933,207,1360,4311,1285,0,132,0,0,57,1021,8,6,2,8
46,3,moe,701,206,2904,10360,2683,0,901,0,0,680,1184,8,3,5,8
46,4,moe,904,206,3079,10833,2899,0,427,1,0,248,1133,8,4,4,8
46,5,moe,933,170,3098,10684,2895,0,544,0,0,341,1210,8,4,4,8
46,6,moe,978,189,2467,8028,2274,0,425,0,0,232,1208,8,4,4,8
46,7,moe,739,181,2260,7774,2116,0,508,0,0,364,1192,8,5,3,8
46,8,moe,896,219,4143,14480,3857,0,1721,2,0,1437,1247,8,2,6,8
46,9,moe,899,189,1609,4902,1529,0,127,1,0,48,1202,8,6,2,8
46,10,moe,907,212,2115,6947,1986,0,218,0,0,89,1167,8,5,3,8
46,11,moe,698,209,2932,10472,2757,0,738,1,0,564,1253,8,4,4,8
46,12,moe,964,143,4849,17564,4580,0,1747,0,0,1478,1126,8,1,7,8
46,13,moe,874,205,2927,10476,2741,0,846,0,0,660,1042,8,4,4,8
46,14,moe,884,218,3710,13297,3498,0,1184,0,0,972,1508,8,3,5,8
46,15,moe,683,163,3747,13597,3572,0,471,1,0,297,1667,8,2,6,8
46,16,moe,885,217,4227,14889,3977,0,1497,2,0,1249,1179,8,2,6,8
46,17,moe,1021,175,4129,15605,3979,0,354,2,0,206,1029,8,4,4,8
46,18,moe,837,207,2786,9922,2611,0,686,0,0,511,1112,8,4,4,8
46,19,moe,664,212,2449,8214,2303,0,425,2,0,281,1235,8,5,3,8
46,20,moe,855,197,2882,10102,2678,0,407,1,0,204,1047,8,4,4,8
46,21,moe,823,197,803,2085,749,0,60,0,0,6,458,8,7,1,8
46,22,moe,771,209,3409,11798,3210,0,344,1,0,146,1091,8,3,5,8
46,23,moe,580,181,2143,7165,2003,0,298,0,0,158,1112,8,5,3,8
46,24,moe,867,194,35,0,0,0,0,0,35,0,485,8,8,0,8
46,25,moe,749,202,1436,4720,1373,0,114,0,0,51,957,8,6,2,8
46,26,moe,617,198,2999,11015,2846,0,314,0,0,161,1070,8,4,4,8
46,-1,epi,0,0,0,0,0,0,0,0,3341,0,0,0,0,0,0
47,-2,pre,340,0,0,0,0,0,0,0,0,0,0,0,0,0,0
47,0,dense,1317,0,0,0,0,0,0,0,0,0,0,0,0,0,0
47,1,moe,759,209,884,2101,833,0,59,0,0,8,476,8,7,1,8
47,2,moe,739,196,2782,9748,2629,0,424,0,0,271,1086,8,4,4,8
47,3,moe,661,184,1825,5865,1745,0,129,0,0,49,962,8,6,2,8
47,4,moe,821,218,1453,4487,1376,0,126,0,0,49,900,8,6,2,8
47,5,moe,840,162,32,0,0,0,0,0,32,0,586,8,8,0,8
47,6,moe,824,205,798,1939,744,0,59,0,0,5,492,8,7,1,8
47,7,moe,695,190,2009,5159,1916,0,172,1,0,80,876,8,6,2,8
47,8,moe,950,163,1490,4578,1410,0,207,1,0,128,843,8,6,2,8
47,9,moe,830,208,3511,11518,3188,0,588,14,0,279,1287,8,5,3,8
47,10,moe,917,195,2295,7516,2092,0,554,2,0,353,899,8,5,3,8
47,11,moe,935,189,32071,5205,31432,0,460,77,102,0,7829,8,6,2,8
47,12,moe,4676,751,4632,11474,4495,0,246,2,0,111,1004,8,6,2,8
47,13,moe,1483,303,5332,18773,4978,0,588,4,0,238,935,8,4,4,8
47,14,moe,1283,163,5883,20863,5544,0,948,2,0,611,1121,8,3,5,8
47,15,moe,918,341,2949,10371,2724,0,551,4,0,330,1057,8,4,4,8
47,16,moe,840,212,3908,13295,3747,0,767,3,0,609,628,8,4,4,8
47,17,moe,834,212,3355,11898,3134,0,729,2,0,510,612,8,3,5,8
47,18,moe,807,187,2902,10242,2736,0,1019,3,0,856,960,8,4,4,8
47,19,moe,1311,202,7340,27700,7164,0,572,2,0,398,812,8,4,4,8
47,20,moe,1299,872,3110,9780,2726,0,470,2,0,88,1747,8,4,4,8
47,21,moe,1000,227,1572,4951,1461,0,232,1,0,122,745,8,6,2,8
47,22,moe,1916,233,2208,7283,2029,0,204,1,0,26,820,8,5,3,8
47,23,moe,818,214,2448,8072,2234,0,156,1,57,0,1647,8,6,2,8
47,24,moe,832,213,2435,5718,1910,0,508,14,3,0,810,8,6,2,8
47,25,moe,1061,319,3543,12612,3345,0,198,3,0,3,1160,8,6,2,8
47,26,moe,627,174,1447,4434,1342,0,229,1,0,125,974,8,6,2,8
47,-1,epi,0,0,0,0,0,0,0,0,6996,0,0,0,0,0,0
48,-2,pre,361,0,0,0,0,0,0,0,0,0,0,0,0,0,0
48,0,dense,1773,1,0,0,0,0,0,0,0,0,0,0,0,0,0
48,1,moe,1096,220,4171,11416,3848,0,958,3,0,638,898,8,4,4,8
48,2,moe,1541,213,2637,7244,2404,0,376,2,0,145,724,8,5,3,8
48,3,moe,817,200,2176,7278,2034,0,332,1,0,191,675,8,5,3,8
48,4,moe,883,304,3258,10456,2928,0,1388,5,0,1063,724,8,4,4,8
48,5,moe,949,309,2331,7385,2142,0,329,3,0,143,2008,8,6,2,8
48,6,moe,1300,313,2308,7302,2087,0,432,2,0,213,904,8,5,3,8
48,7,moe,1810,210,2202,6831,1968,0,349,3,0,118,869,8,5,3,8
48,8,moe,1140,325,4193,13320,3743,0,897,2,0,449,2013,8,2,6,8
48,9,moe,964,346,2098,6143,1849,0,188,4,57,0,677,8,6,2,8
48,10,moe,829,218,2133,5208,1891,0,721,2,0,481,811,8,6,2,8
48,11,moe,759,426,4854,15841,4260,0,1694,2,0,1102,621,8,3,5,8
48,12,moe,915,198,2674,8774,2385,0,636,2,0,349,2169,8,4,4,8
48,13,moe,1221,169,7635,20133,7364,0,395,2,0,126,914,8,4,4,8
48,14,moe,1070,277,3564,10711,3298,0,393,2,0,129,893,8,5,3,8
48,15,moe,1913,260,6750,22808,6392,0,859,3,0,504,1610,8,3,5,8
48,16,moe,1226,234,3550,11348,3262,0,462,3,0,177,1098,8,4,4,8
48,17,moe,1102,195,2805,9537,2621,0,494,3,0,313,1548,8,5,3,8
48,18,moe,1135,205,4940,14514,3965,0,1678,32,0,735,781,8,3,5,8
48,19,moe,1535,289,4718,15431,4207,0,1044,3,0,536,1015,8,3,5,8
48,20,moe,1186,233,3379,8982,2990,0,998,2,0,611,876,8,5,3,8
48,21,moe,1070,220,2430,6983,2089,0,457,2,0,118,956,8,5,3,8
48,22,moe,1403,915,2973,9369,2602,0,409,2,0,40,931,8,4,4,8
48,23,moe,773,173,3226,8836,2491,0,1070,2,0,337,898,8,4,4,8
48,24,moe,1532,439,965,2225,850,0,105,1,9,0,671,8,7,1,8
48,25,moe,940,218,3990,10756,3414,0,1166,3,0,593,982,8,4,4,8
48,26,moe,731,205,2167,6951,1989,0,427,2,0,251,836,8,5,3,8
48,-1,epi,0,0,0,0,0,0,0,0,5348,0,0,0,0,0,0
49,-2,pre,493,0,0,0,0,0,0,0,0,0,0,0,0,0,0
49,0,dense,1692,0,0,0,0,0,0,0,0,0,0,0,0,0,0
49,1,moe,1015,227,6851,23367,6219,0,2206,2,0,1576,635,8,1,7,8
49,2,moe,1216,344,9090,31909,8194,0,2649,3,0,1756,981,8,0,8,8
49,3,moe,827,240,7247,23272,6231,0,1422,4,0,410,1062,8,1,7,8
49,4,moe,1375,393,5515,18628,5003,0,1396,4,0,888,785,8,2,6,8
49,5,moe,1197,198,6683,22737,6393,0,2435,3,0,2148,714,8,4,4,8
49,6,moe,1023,304,16834,35644,15104,0,3822,4,0,2096,772,8,1,7,8
49,7,moe,899,330,26608,56860,25771,0,2785,7,0,1955,850,8,2,6,8
49,8,moe,1128,243,8416,30452,8027,0,1338,21,0,970,710,8,1,7,8
49,9,moe,1261,197,6709,20618,5899,0,1269,4,0,463,1025,8,1,7,8
49,10,moe,1133,231,7432,22820,6020,0,3080,3,0,1671,1049,8,0,8,8
49,11,moe,1743,634,6528,22591,5844,0,3185,3,0,2504,836,8,1,7,8
49,12,moe,1134,229,4840,15581,4148,0,2017,4,0,1329,977,8,1,7,8
49,13,moe,1821,276,5599,17431,5007,0,1820,2,0,1230,1655,8,0,8,8
49,14,moe,2027,704,5202,16650,4578,0,2718,3,0,2097,1837,8,1,7,8
49,15,moe,1256,657,4576,13940,3717,0,1301,3,0,445,2145,8,2,6,8
49,16,moe,2040,565,5036,16723,4385,0,1325,3,0,677,959,8,0,8,8
49,17,moe,1956,164,3803,13456,3600,0,418,2,0,217,1632,8,2,6,8
49,18,moe,1284,276,4537,15813,4237,0,903,3,0,606,1105,8,1,7,8
49,19,moe,881,265,5110,18369,4832,0,1616,2,0,1340,1536,8,0,8,8
49,20,moe,2051,309,4049,13283,3572,0,714,1,0,238,1041,8,2,6,8
49,21,moe,2224,125,2661,9154,2524,0,323,1,0,187,1212,8,4,4,8
49,22,moe,2805,218,3552,12239,3331,0,375,2,0,156,643,8,3,5,8
49,23,moe,618,223,2809,9281,2552,0,516,3,0,262,617,8,4,4,8
49,24,moe,1199,252,4427,15867,4199,0,484,1,0,257,747,8,1,7,8
49,25,moe,763,227,3258,10133,2696,0,766,4,0,208,701,8,4,4,8
49,26,moe,620,236,4474,16222,4248,0,710,1,0,485,716,8,1,7,8
49,-1,epi,0,0,0,0,0,0,0,0,4690,0,0,0,0,0,0
50,-2,pre,286,0,0,0,0,0,0,0,0,0,0,0,0,0,0
50,0,dense,1344,1,0,0,0,0,0,0,0,0,0,0,0,0,0
50,1,moe,739,195,5314,16364,4343,0,1302,3,0,334,586,8,0,8,8
50,2,moe,800,235,3498,12487,3289,0,393,1,0,185,754,8,2,6,8
50,3,moe,605,468,2923,10475,2757,0,1063,2,0,899,551,8,3,5,8
50,4,moe,740,201,2805,10166,2666,0,273,1,0,135,727,8,4,4,8
50,5,moe,787,177,2309,7175,1953,0,462,3,0,109,772,8,5,3,8
50,6,moe,965,144,2731,9361,2567,0,269,1,0,106,766,8,4,4,8
50,7,moe,565,207,4270,15500,4058,0,764,2,0,554,527,8,2,6,8
50,8,moe,754,225,2705,9365,2535,0,383,1,0,214,762,8,3,5,8
50,9,moe,846,215,2929,9700,2592,0,774,2,0,439,593,8,4,4,8
50,10,moe,903,212,3156,10895,2988,0,394,1,0,227,737,8,3,5,8
50,11,moe,581,191,4156,14477,3773,0,1334,2,0,953,508,8,2,6,8
50,12,moe,770,175,1372,4268,1278,0,186,0,0,92,997,8,6,2,8
50,13,moe,736,209,2594,9234,2453,0,251,1,0,111,643,8,4,4,8
50,14,moe,935,146,3222,11401,3052,0,326,1,0,157,1105,8,3,5,8
50,15,moe,559,167,4011,13598,3619,0,703,3,0,314,690,8,2,6,8
50,16,moe,855,181,2506,8673,2377,0,257,1,0,129,1047,8,4,4,8
50,17,moe,740,210,3359,11800,3192,0,1312,1,0,1146,528,8,3,5,8
50,18,moe,746,207,2657,9256,2503,0,256,0,0,102,1184,8,4,4,8
50,19,moe,578,168,3043,9650,2699,0,488,2,0,146,683,8,3,5,8
50,20,moe,939,140,3141,11255,2989,0,313,1,0,162,1118,8,3,5,8
50,21,moe,772,180,2811,9197,2477,0,383,2,0,51,676,8,4,4,8
50,22,moe,954,167,2637,9073,2503,0,279,0,0,145,1203,8,4,4,8
50,23,moe,628,171,2857,9622,2626,0,318,1,0,88,648,8,4,4,8
50,24,moe,957,121,1428,4252,1343,0,122,1,0,38,1006,8,6,2,8
50,25,moe,803,204,1931,6598,1820,0,194,1,0,84,744,8,5,3,8
50,26,moe,819,157,3560,12901,3395,0,358,2,0,195,759,8,3,5,8
50,-1,epi,0,0,0,0,0,0,0,0,3637,0,0,0,0,0,0
